-8.980000000000059046e+00,1.000000000000000000e+00
-7.780000000000115712e+00,9.990793899844617743e-01
-6.450000000000117417e+00,9.981596274917242662e-01
-8.010000000000173870e+00,9.972407117415494904e-01
-1.060999999999995680e+01,9.963226419544177759e-01
-1.183000000000001073e+01,9.954054173515269888e-01
2.709999999999993747e+00,9.944890371547921992e-01
-7.000000000000299316e-01,9.935735005868445713e-01
-1.400999999999992873e+01,9.926588068710309187e-01
-4.420000000000182006e+00,9.917449552314132610e-01
-1.773999999999991672e+01,9.908319448927677131e-01
-7.130000000000009663e+00,9.899197750805842633e-01
-2.903000000000001535e+01,9.890084450210657740e-01
-4.609999999999969233e+00,9.880979539411275381e-01
-1.977000000000003865e+01,9.871883010683965010e-01
1.300000000000020695e+00,9.862794856312108172e-01
1.189999999999770131e+00,9.853715068586188508e-01
-1.062000000000023192e+01,9.844643639803788426e-01
3.899999999998964295e-01,9.835580562269580218e-01
-5.639999999999956160e+00,9.826525828295321618e-01
-1.623999999999992028e+01,9.817479430199848034e-01
-9.600000000000004974e+00,9.808441360309065882e-01
-6.070000000000201901e+00,9.799411610955945928e-01
2.009999999999810605e+00,9.790390174480518848e-01
-1.950000000000241984e+00,9.781377043229865231e-01
-1.819999999999980300e+00,9.772372209558112255e-01
-5.020000000000049312e+00,9.763375665826425909e-01
-4.080000000000134186e+00,9.754387404403004336e-01
-1.548000000000001464e+01,9.745407417663071170e-01
-7.989999999999989555e+00,9.736435697988869986e-01
-7.139999999999954383e+00,9.727472237769657637e-01
-1.599999999999999289e+01,9.718517029401696483e-01
-1.004000000000004178e+01,9.709570065288249952e-01
-8.539999999999963620e+00,9.700631337839575874e-01
-2.899999999999933742e-01,9.691700839472916496e-01
1.500000000000054623e-01,9.682778562612497364e-01
-1.229999999999993854e+01,9.673864499689517338e-01
-1.909999999999978604e+00,9.664958643142143035e-01
-1.465000000000000746e+01,9.656060985415503284e-01
-4.669999999999963514e+00,9.647171518961681347e-01
-1.347999999999995424e+01,9.638290236239710485e-01
-8.599999999999967670e+00,9.629417129715563961e-01
2.449999999999813660e+00,9.620552191862152824e-01
-3.960000000000118092e+00,9.611695415159315914e-01
-1.062999999999997414e+01,9.602846792093817641e-01
-1.199999999999976641e+00,9.594006315159336884e-01
3.779999999999831495e+00,9.585173976856463662e-01
-9.370000000000263896e+00,9.576349769692693581e-01
-1.230000000000016946e+01,9.567533686182417840e-01
-1.438999999999994195e+01,9.558725718846918795e-01
-7.040000000000277147e+00,9.549925860214365514e-01
-1.669999999999994378e+00,9.541134102819804896e-01
-6.420000000000152696e+00,9.532350439205156123e-01
-2.980000000000190497e+00,9.523574861919203993e-01
-1.162999999999998124e+01,9.514807363517593375e-01
7.099999999999508926e-01,9.506047936562822542e-01
-9.860000000000184173e+00,9.497296573624236515e-01
-3.259999999999982023e+00,9.488553267278021508e-01
-1.580000000000026716e+01,9.479818010107197157e-01
-9.569999999999966533e+00,9.471090794701613191e-01
-6.609999999999979892e+00,9.462371613657939440e-01
-1.529999999999997051e+01,9.453660459579661390e-01
-1.960000000000081233e+00,9.444957325077074639e-01
-2.200000000000045919e+00,9.436262202767277119e-01
-4.510000000000173870e+00,9.427575085274164657e-01
-2.158000000000014040e+01,9.418895965228422096e-01
-1.201999999999993918e+01,9.410224835267519961e-01
-7.659999999999948628e+00,9.401561688035705577e-01
-5.540000000000176783e+00,9.392906516183999743e-01
5.630000000000014104e+00,9.384259312370186734e-01
1.799999999999958744e+00,9.375620069258810974e-01
6.479999999999930260e+00,9.366988779521170372e-01
-2.087000000000037403e+01,9.358365435835308555e-01
7.199999999997765965e-01,9.349750030886011531e-01
-8.450000000000105871e+00,9.341142557364798815e-01
-1.194999999999994245e+01,9.332543007969918980e-01
-2.413999999999991886e+01,9.323951375406340780e-01
-9.500000000001904699e-01,9.315367652385749819e-01
-4.400000000000120259e+00,9.306791831626542999e-01
-3.310000000000187015e+00,9.298223905853818527e-01
-1.103999999999998849e+01,9.289663867799372587e-01
-8.840000000000125979e+00,9.281111710201692677e-01
-2.639999999999971259e+00,9.272567425805952057e-01
-1.700000000000045475e+00,9.264031007364001979e-01
-9.600000000001733813e-01,9.255502447634366137e-01
-7.889999999999997016e+00,9.246981739382235110e-01
7.999999999998856914e-01,9.238468875379460821e-01
6.679999999999929550e+00,9.229963848404548754e-01
-3.199999999999780798e-01,9.221466651242651302e-01
-1.350000000000032863e+01,9.212977276685565542e-01
-9.420000000000021245e+00,9.204495717531723242e-01
-6.390000000000160441e+00,9.196021966586185314e-01
-3.580000000000027605e+00,9.187556016660636260e-01
6.709999999999996412e+00,9.179097860573379730e-01
-1.397999999999994714e+01,9.170647491149330754e-01
-3.669999999999960849e+00,9.162204901220007969e-01
-4.170000000000033680e+00,9.153770083623531395e-01
-4.720000000000176499e+00,9.145343031204613560e-01
-3.400000000000030553e+00,9.136923736814553942e-01
-1.253999999999995829e+01,9.128512193311233425e-01
-1.336000000000033339e+01,9.120108393559108739e-01
-5.259999999999966924e+00,9.111712330429203588e-01
8.300000000000060663e-01,9.103323996799107531e-01
2.329999999999944116e+00,9.094943385552964887e-01
-9.900000000000309441e+00,9.086570489581471399e-01
-3.770000000000247375e+00,9.078205301781868686e-01
-8.680000000000340776e+00,9.069847815057936469e-01
-1.501000000000027690e+01,9.061498022319987022e-01
2.209999999999988418e+00,9.053155916484859622e-01
-1.057000000000041240e+01,9.044821490475914993e-01
-7.330000000000158167e+00,9.036494737223027540e-01
-7.920000000000054108e+00,9.028175649662582014e-01
-1.250000000000019540e+01,9.019864220737464633e-01
-8.630000000000215721e+00,9.011560443397058640e-01
-5.639999999999970370e+00,9.003264310597238751e-01
-3.960000000000147402e+00,8.994975815300365607e-01
-1.297999999999994891e+01,8.986694950475275778e-01
9.000000000001762146e-02,8.978421709097281767e-01
-5.740000000000202718e+00,8.970156084148160902e-01
-1.320000000000008056e+00,8.961898068616153124e-01
-1.095000000000005258e+01,8.953647655495952096e-01
-1.241999999999992887e+01,8.945404837788701879e-01
-8.039999999999956515e+00,8.937169608501989160e-01
1.285000000000060716e+01,8.928941960649838805e-01
-3.199999999999767475e-01,8.920721887252704985e-01
-9.540000000000032898e+00,8.912509381337468950e-01
-1.236000000000011667e+01,8.904304435937431261e-01
-3.699999999999963762e+00,8.896107044092306237e-01
-8.070000000000002061e+00,8.887917198848214184e-01
-1.006999999999995055e+01,8.879734893257680284e-01
-8.270000000000191420e+00,8.871560120379623493e-01
-1.412999999999994749e+01,8.863392873279352102e-01
-1.394999999999999396e+01,8.855233145028561514e-01
-3.669999999999999929e+00,8.847080928705322034e-01
-3.079999999999961879e+00,8.838936217394078865e-01
-2.819999999999974527e+00,8.830799004185642120e-01
-1.080000000000005578e+01,8.822669282177183492e-01
1.209999999999945342e+00,8.814547044472229587e-01
-3.520000000000054641e+00,8.806432284180655268e-01
-1.147999999999995957e+01,8.798324994418679212e-01
-1.445000000000035989e+01,8.790225168308857251e-01
-2.849999999999974776e+00,8.782132798980075705e-01
5.399999999998954525e-01,8.774047879567548058e-01
-1.903000000000035286e+01,8.765970403212806072e-01
-2.249000000000042476e+01,8.757900363063696458e-01
2.739999999999976232e+00,8.749837752274374214e-01
-8.050000000000038014e+00,8.741782564005295963e-01
-6.250000000000222045e+00,8.733734791423215515e-01
6.999999999997608136e-02,8.725694427701176092e-01
-1.501000000000011525e+01,8.717661466018508110e-01
7.399999999999558042e-01,8.709635899560820294e-01
-1.042999999999994287e+01,8.701617721519993021e-01
-7.980000000000050164e+00,8.693606925094177207e-01
-7.300000000000157474e-01,8.685603503487783206e-01
-1.160000000000001563e+01,8.677607449911478588e-01
-9.300000000000213873e+00,8.669618757582181479e-01
1.269999999999912532e+00,8.661637419723052789e-01
4.220000000000014850e+00,8.653663429563495102e-01
-1.721000000000029218e+01,8.645696780339141574e-01
-2.520000000000114149e+00,8.637737465291854821e-01
-8.950000000000187583e+00,8.629785477669716931e-01
2.210000000000015064e+00,8.621840810727028348e-01
-4.140000000000044977e+00,8.613903457724296775e-01
-1.427000000000004931e+01,8.605973411928236061e-01
-1.141999999999997861e+01,8.598050666611759540e-01
-9.539999999999951186e+00,8.590135215053971152e-01
-3.200000000000406963e-01,8.582227050540164326e-01
-7.810000000000030695e+00,8.574326166361814217e-01
4.679999999999963300e+00,8.566432555816569927e-01
-1.245000000000005791e+01,8.558546212208252291e-01
-1.045000000000016449e+01,8.550667128846846099e-01
4.570000000000058904e+00,8.542795299048495661e-01
-7.040000000000009805e+00,8.534930716135499251e-01
-1.819999999999974971e+00,8.527073373436300230e-01
6.359999999999981668e+00,8.519223264285485930e-01
-1.250999999999994827e+01,8.511380382023778779e-01
-1.576000000000047585e+01,8.503544719998031853e-01
-6.770000000000241158e+00,8.495716271561224442e-01
1.619999999999973461e+00,8.487895030072454272e-01
-3.579999999999991189e+00,8.480080988896931959e-01
-1.173000000000024023e+01,8.472274141405977677e-01
-1.512000000000014310e+01,8.464474480977013382e-01
-1.039000000000006096e+01,8.456682000993558379e-01
-1.688999999999993307e+01,8.448896694845221544e-01
9.739999999999966462e+00,8.441118555927699107e-01
-8.130000000000094929e+00,8.433347577642766879e-01
-3.610000000000040288e+00,8.425583753398273590e-01
-3.610000000000048281e+00,8.417827076608138670e-01
2.149999999999973710e+00,8.410077540692344478e-01
-5.550000000000026468e+00,8.402335139076929638e-01
-1.235999999999992660e+01,8.394599865193986821e-01
-8.540000000000359748e+00,8.386871712481653862e-01
-1.192000000000022908e+01,8.379150674384109321e-01
-3.699999999999967315e+00,8.371436744351566928e-01
-7.920000000000162466e+00,8.363729915840272255e-01
-1.118000000000009209e+01,8.356030182312492727e-01
-1.288999999999996149e+01,8.348337537236516503e-01
-1.367999999999996774e+01,8.340651974086642495e-01
-8.890000000000114255e+00,8.332973486343179248e-01
-9.010000000000044196e+00,8.325302067492437175e-01
-6.540000000000194547e+00,8.317637711026723002e-01
-1.708999999999996078e+01,8.309980410444333110e-01
8.820000000000845830e+00,8.302330159249551311e-01
-1.456999999999996298e+01,8.294686950952641080e-01
-9.370000000000061391e+00,8.287050779069840001e-01
-1.377000000000017543e+01,8.279421637123354216e-01
-3.229999999999972893e+00,8.271799518641355098e-01
-9.549999999999940314e+00,8.264184417157969254e-01
-9.509999999999960707e+00,8.256576326213278527e-01
-5.870000000000203499e+00,8.248975239353311117e-01
-8.010000000000093934e+00,8.241381150130036026e-01
8.760000000000667697e+00,8.233794052101358618e-01
4.329999999999947669e+00,8.226213938831115069e-01
-4.200000000002119815e-01,8.218640803889066815e-01
-1.053999999999997605e+01,8.211074640850895001e-01
-1.279000000000031001e+01,8.203515443298196042e-01
-3.080000000000088889e+00,8.195963204818472736e-01
-8.630000000000123350e+00,8.188417919005134271e-01
-9.390000000000119584e+00,8.180879579457485118e-01
-7.489999999999948699e+00,8.173348179780723921e-01
-6.930000000000153371e+00,8.165823713585936838e-01
-8.630000000000052296e+00,8.158306174490089768e-01
-1.364000000000006985e+01,8.150795556116027241e-01
-9.280000000000299565e+00,8.143291852092462424e-01
-1.303999999999994053e+01,8.135795056053974905e-01
-3.630000000000338289e+00,8.128305161641005139e-01
-1.626999999999992497e+01,8.120822162499847785e-01
-1.283000000000020258e+01,8.113346052282646159e-01
-1.271000000000009855e+01,8.105876824647386680e-01
-2.653000000000037772e+01,8.098414473257896651e-01
-8.240000000000277325e+00,8.090958991783835375e-01
-8.130000000000013216e+00,8.083510373900689716e-01
-1.041999999999993065e+01,8.076068613289769660e-01
-1.265000000000009095e+01,8.068633703638201649e-01
-4.900000000001334399e-01,8.061205638638923032e-01
-4.520000000000047535e+00,8.053784411990678738e-01
-5.450000000000175149e+00,8.046370017398014607e-01
-1.700000000000345679e-01,8.038962448571271846e-01
-1.385999999999992305e+01,8.031561699226581474e-01
-5.010000000000162323e+00,8.024167763085859884e-01
-5.139999999999957936e+00,8.016780633876804396e-01
-9.900000000000843681e-01,8.009400305332884384e-01
-1.066000000000013159e+01,8.002026771193340160e-01
-3.309999999998977316e+00,7.994660025203174092e-01
-6.330000000000185700e+00,7.987300061113149496e-01
-8.700000000001382183e-01,7.979946872679779535e-01
-9.630000000000297433e+00,7.972600453665327214e-01
-1.612000000000007560e+01,7.965260797837798723e-01
-4.020000000000096385e+00,7.957927898970935665e-01
-5.800000000000522515e-01,7.950601750844211724e-01
-2.270999999999989427e+01,7.943282347242829333e-01
-2.930000000000001492e+00,7.935969681957709687e-01
5.099999999999957012e+00,7.928663748785491627e-01
-6.900000000000067857e+00,7.921364541528524983e-01
-1.007000000000038575e+01,7.914072053994863909e-01
6.800000000000105960e-01,7.906786279998264666e-01
-1.748999999999992383e+01,7.899507213358177848e-01
-1.649999999999733902e+00,7.892234847899743944e-01
-2.930000000000179128e+00,7.884969177453787781e-01
-6.229999999999999538e+00,7.877710195856814090e-01
-1.106999999999994877e+01,7.870457896951000842e-01
-1.890000000000161329e+00,7.863212274584195915e-01
3.020000000000135465e+00,7.855973322609910436e-01
6.599999999997869793e-01,7.848741034887314338e-01
-4.520000000000155893e+00,7.841515405281230811e-01
-1.412000000000021060e+01,7.834296427662131856e-01
-7.519999999999948059e+00,7.827084095906130523e-01
-2.582000000000042661e+01,7.819878403894979790e-01
-9.920000000000277041e+00,7.812679345516062579e-01
8.359999999999919496e+00,7.805486914662391751e-01
8.479999999999922267e+00,7.798301105232601227e-01
1.235999999999995502e+01,7.791121911130941546e-01
-1.659000000000010289e+01,7.783949326267275426e-01
5.389999999999994351e+00,7.776783344557072208e-01
-8.499999999999785505e-01,7.769623959921402312e-01
-3.250000000000212275e+00,7.762471166286932789e-01
-8.130000000000352500e+00,7.755324957585922885e-01
-1.457000000000011042e+01,7.748185327756216267e-01
-9.360000000000065157e+00,7.741052270741237695e-01
-9.949999999999940670e+00,7.733925780489988577e-01
8.919999999999918217e+00,7.726805850957040311e-01
-1.045999999999995289e+01,7.719692476102529843e-01
-7.969999999998933049e+00,7.712585649892155226e-01
-1.194999999999993889e+01,7.705485366297167849e-01
1.709999999999975984e+00,7.698391619294371324e-01
-2.140000000000190639e+00,7.691304402866113721e-01
-1.627000000000017010e+01,7.684223711000282009e-01
-8.450000000000139622e+00,7.677149537690298731e-01
1.123999999999997534e+01,7.670081876935116449e-01
-1.168000000000022887e+01,7.663020722739212198e-01
-1.110000000000002096e+01,7.655966069112581929e-01
-9.010000000000136566e+00,7.648917910070736070e-01
-5.510000000000195186e+00,7.641876239634695089e-01
-7.879999999999554028e+00,7.634841051830983938e-01
-7.860000000000066045e+00,7.627812340691625392e-01
-8.070000000000101537e+00,7.620790100254138943e-01
-6.950000000000183142e+00,7.613774324561530804e-01
-1.588999999999993307e+01,7.606765007662291689e-01
-9.800000000000158806e+00,7.599762143610392373e-01
-1.341999999999994309e+01,7.592765726465275922e-01
-1.760000000000022879e+00,7.585775750291856578e-01
-6.100000000000126654e+00,7.578792209160510884e-01
-6.930000000000107185e+00,7.571815097147074347e-01
-5.100000000000176392e+00,7.564844408332837000e-01
6.960000000000102105e+00,7.557880136804537852e-01
-1.903999999999996717e+01,7.550922276654358223e-01
3.249999999999794831e+00,7.543970821979919528e-01
-3.609999999999963904e+00,7.537025766884276612e-01
2.889999999999973923e+00,7.530087105475913312e-01
-1.972000000000051045e+01,7.523154831868736903e-01
-1.210000000000021103e+01,7.516228940182073659e-01
-6.510000000000153442e+00,7.509309424540663302e-01
-1.394999999999994778e+01,7.502396279074655672e-01
4.269999999999957829e+00,7.495489497919602950e-01
-7.779999999999984261e+00,7.488589075216456337e-01
-8.569999999999994955e+00,7.481695005111561603e-01
-8.479999999999963123e+00,7.474807281756653543e-01
-9.629999999999991900e+00,7.467925899308850424e-01
-1.342000000000020243e+01,7.461050851930649541e-01
-8.510000000000086828e+00,7.454182133789921672e-01
-4.200000000002765965e-01,7.447319739059908850e-01
4.889999999999850466e+00,7.440463661919214378e-01
-2.117000000000022553e+01,7.433613896551802824e-01
-4.300000000000397726e+00,7.426770437146993364e-01
-4.460000000000159837e+00,7.419933277899453117e-01
-9.779999999999947846e+00,7.413102413009193814e-01
4.449999999999842970e+00,7.406277836681567361e-01
-1.241999999999994486e+01,7.399459543127259176e-01
-1.015999999999995040e+01,7.392647526562285965e-01
-5.450000000000319034e+00,7.385841781207989065e-01
-1.324999999999993250e+01,7.379042301291027783e-01
-1.001000000000004952e+01,7.372249081043379393e-01
-1.676999999999998181e+01,7.365462114702328034e-01
7.889999999999944613e+00,7.358681396510465822e-01
-8.659999999998682085e+00,7.351906920715683968e-01
-8.450000000000088107e+00,7.345138681571168338e-01
-1.054000000000015014e+01,7.338376673335397227e-01
-1.544999999999997797e+01,7.331620890272132485e-01
-9.949999999999949551e+00,7.324871326650418402e-01
-1.618000000000014182e+01,7.318127976744575047e-01
2.599999999997257838e-01,7.311390834834193830e-01
-2.399999999997346478e-01,7.304659895204130837e-01
3.149999999999982592e+00,7.297935152144505722e-01
-3.170000000000073648e+00,7.291216599950692823e-01
-1.186000000000025878e+01,7.284504232923320055e-01
-1.235999999999993371e+01,7.277798045368260027e-01
-3.269999999999212648e+00,7.271098031596628930e-01
-1.162000000000025501e+01,7.264404185924780988e-01
-3.190000000000169145e+00,7.257716502674300685e-01
-1.129999999999996696e+01,7.251034976172001656e-01
-1.580000000000005222e+01,7.244359600749920025e-01
-1.269000000000014694e+01,7.237690370745308854e-01
2.989999999999926494e+00,7.231027280500635923e-01
-2.950000000000208900e+00,7.224370324363577067e-01
-6.250000000000170530e+00,7.217719496687010627e-01
-6.690000000000121183e+00,7.211074791829015229e-01
-1.750000000000223155e+00,7.204436204152862011e-01
-5.750000000000150990e+00,7.197803728027012404e-01
-1.381000000000005556e+01,7.191177357825112582e-01
-2.121000000000027441e+01,7.184557087925986796e-01
7.699999999999989075e-01,7.177942912713636270e-01
-1.282999999999994145e+01,7.171334826577230315e-01
-6.040000000000062208e+00,7.164732823911105219e-01
-1.808999999999991459e+01,7.158136899114757590e-01
-1.230000000000020632e+00,7.151547046592838797e-01
-1.555999999999997385e+01,7.144963260755152756e-01
-1.345999999999999375e+01,7.138385536016649269e-01
-1.883000000000014751e+01,7.131813866797419577e-01
1.114999999999997193e+01,7.125248247522691925e-01
-7.020000000000019114e+00,7.118688672622826008e-01
-1.488999999999995794e+01,7.112135136533310753e-01
-9.039999999999965397e+00,7.105587633694756544e-01
-8.450000000000118305e+00,7.099046158552893004e-01
2.389999999999928626e+00,7.092510705558561224e-01
-1.570000000000014317e+01,7.085981269167711538e-01
-9.600000000001425171e-01,7.079457843841399090e-01
9.799999999999826628e-01,7.072940424045778274e-01
-3.699999999987755306e-01,7.066429004252096080e-01
-7.160000000000070308e+00,7.059923578936692090e-01
-9.330000000000254090e+00,7.053424142580988487e-01
-1.900000000000022382e+01,7.046930689671488945e-01
-3.520000000000119478e+00,7.040443214699774188e-01
-7.300000000000081979e-01,7.033961712162493107e-01
-3.860000000000090914e+00,7.027486176561363873e-01
-2.218000000000014182e+01,7.021016602403165052e-01
-8.379999999999656168e+00,7.014552984199732277e-01
-1.165999999999993619e+01,7.008095316467954916e-01
-1.265999999999994330e+01,7.001643593729768300e-01
-7.570000000000049134e+00,6.995197810512151504e-01
-3.008000000000021501e+01,6.988757961347122905e-01
9.999999999996744826e-02,6.982324040771734630e-01
-5.540000000000143032e+00,6.975896043328067009e-01
3.599999999999881073e-01,6.969473963563225238e-01
-9.299999999999792877e-01,6.963057796029336055e-01
7.699999999999900258e-01,6.956647535283539963e-01
-3.020000000000085194e+01,6.950243175887989011e-01
-1.457000000000001805e+01,6.943844712409840136e-01
1.889999999999916858e+00,6.937452139421252939e-01
2.440000000000143832e+00,6.931065451499384134e-01
-6.100000000000365574e+00,6.924684643226383107e-01
-1.254000000000025672e+01,6.918309709189385259e-01
-2.091000000000016712e+01,6.911940643980509780e-01
-1.994000000000032458e+01,6.905577442196855209e-01
-2.240000000000300862e+00,6.899220098440493887e-01
-7.630000000000131344e+00,6.892868607318466401e-01
-2.229999999999999538e+00,6.886522963442780476e-01
-4.440000000000352998e+00,6.880183161430400984e-01
-2.328999999999992454e+01,6.873849195903251053e-01
-1.215000000000012648e+01,6.867521061488203182e-01
-8.129999999999965254e+00,6.861198752817077029e-01
-1.118000000000021998e+01,6.854882264526634961e-01
-5.220000000000178275e+00,6.848571591258576507e-01
-1.112000000000038646e+01,6.842266727659532810e-01
-8.950000000000281730e+00,6.835967668381065510e-01
-7.609999999999945253e+00,6.829674408079657866e-01
-1.048999999999993982e+01,6.823386941416714757e-01
-1.811999999999999744e+01,6.817105263058553799e-01
-1.336999999999993882e+01,6.810829367676404233e-01
-7.049999999999950973e+00,6.804559249946399158e-01
-2.610000000000039844e+00,6.798294904549575524e-01
-7.450000000000177813e+00,6.792036326171864147e-01
-5.620000000000273666e+00,6.785783509504090816e-01
-2.866000000000072490e+01,6.779536449241967411e-01
-2.990000000000085478e+00,6.773295140086088573e-01
-8.860000000000150422e+00,6.767059576741929483e-01
-1.036999999999993705e+01,6.760829753919836982e-01
-7.040000000000401492e+00,6.754605666335029568e-01
3.800000000004197798e-01,6.748387308707590737e-01
-1.415999999999842984e+01,6.742174675762463432e-01
-3.510000000000133014e+00,6.735967762229447819e-01
-2.632000000000041950e+01,6.729766562843196853e-01
-8.540000000000192770e+00,6.723571072343209609e-01
2.189000000000021728e+01,6.717381285473826846e-01
-2.085000000000049170e+01,6.711197196984231006e-01
-3.520000000000116813e+00,6.705018801628435110e-01
-1.144000000000040984e+01,6.698846094165283871e-01
-5.020000000000082174e+00,6.692679069358445920e-01
7.980000000000476490e+00,6.686517721976411588e-01
-1.004000000000024428e+01,6.680362046792486241e-01
-7.330000000000154614e+00,6.674212038584788065e-01
-1.076000000000047763e+01,6.668067692136241398e-01
-1.501999999999999957e+01,6.661929002234573405e-01
7.999999999999634070e-01,6.655795963672311855e-01
-1.315000000000033431e+01,6.649668571246776239e-01
-7.720000000000313278e+00,6.643546819760076660e-01
-1.671000000000012164e+01,6.637430704019108285e-01
-1.235999999999995858e+01,6.631320218835546898e-01
-5.220000000000142748e+00,6.625215359025845574e-01
-4.980000000000162075e+00,6.619116119411229127e-01
-6.020000000000101714e+00,6.613022494817688557e-01
-1.836000000000012022e+01,6.606934480075979943e-01
-3.041000000000063608e+01,6.600852070021616669e-01
-2.022000000000031505e+01,6.594775259494868314e-01
-7.709999999999897824e+00,6.588704043340753991e-01
-4.980000000000156746e+00,6.582638416409036797e-01
-6.799999999994041922e-01,6.576578373554223811e-01
-1.403999999999993342e+01,6.570523909635557214e-01
-6.160000000000224851e+00,6.564475019517013177e-01
-1.749999999999648725e+00,6.558431698067295201e-01
-9.830000000000149285e+00,6.552393940159830787e-01
-8.100000000000218137e+00,6.546361740672768104e-01
4.859999999999943476e+00,6.540335094488968215e-01
-8.830000000000131521e+00,6.534313996496005084e-01
-1.086000000000007226e+01,6.528298441586158907e-01
-4.209999999999795683e+00,6.522288424656411676e-01
-1.439999999999971791e+01,6.516283940608443848e-01
-2.046000000000052310e+01,6.510284984348628790e-01
-2.254000000000058535e+01,6.504291550788029452e-01
1.207000000000002693e+01,6.498303634842392817e-01
-2.630000000000173088e+00,6.492321231432148787e-01
-6.599999999999994316e+00,6.486344335482401302e-01
8.470000000001432383e+00,6.480372941922926122e-01
-3.037999999999999545e+01,6.474407045688168605e-01
-2.876000000000043144e+01,6.468446641717237044e-01
-1.444000000000039030e+01,6.462491724953897121e-01
-1.782000000000039108e+01,6.456542290346571900e-01
-1.153999999999994230e+01,6.450598332848332950e-01
9.799999999998960654e-01,6.444659847416898124e-01
-3.032000000000054740e+01,6.438726829014629338e-01
1.962999999999986755e+01,6.432799272608523689e-01
-3.028000000000056957e+01,6.426877173170213453e-01
1.070999999999999375e+01,6.420960525675959429e-01
-1.223999999999776911e+01,6.415049325106646494e-01
-3.032000000000017081e+01,6.409143566447781382e-01
8.720000000000146301e+00,6.403243244689487135e-01
-9.099999999997537614e+00,6.397348354826498662e-01
-1.940000000000031122e+01,6.391458891858158298e-01
-6.540000000000075531e+00,6.385574850788412471e-01
-9.360000000000150422e+00,6.379696226625807265e-01
-3.690000000000219771e+00,6.373823014383483976e-01
-1.215000000000024549e+01,6.367955209079174672e-01
3.880000000000908500e+00,6.362092805735197754e-01
1.217999999999996952e+01,6.356235799378454621e-01
2.006000000000107875e+01,6.350384185040424123e-01
7.399999999999877787e-01,6.344537957757160340e-01
1.029999999999990479e+01,6.338697112569287029e-01
-1.050999999999995183e+01,6.332861644521992073e-01
-2.870000000000088036e+00,6.327031548665027483e-01
-8.980000000000098126e+00,6.321206820052700515e-01
-1.045000000000021245e+01,6.315387453743871449e-01
-1.775000000000055422e+01,6.309573444801950259e-01
-8.740000000000216929e+00,6.303764788294891064e-01
2.999999999999294342e-01,6.297961479295189902e-01
6.210000000003105924e+00,6.292163512879876963e-01
-1.888999999999878199e+01,6.286370884130515480e-01
1.120000000000068852e+01,6.280583588133197281e-01
-1.668000000000021643e+01,6.274801619978537248e-01
-1.873000000000042675e+01,6.269024974761669977e-01
-1.651000000000036394e+01,6.263253647582245343e-01
2.849999999999965894e+00,6.257487633544425165e-01
-1.554000000000018034e+01,6.251726927756877661e-01
-9.590000000000395985e+00,6.245971525332774110e-01
-1.619999999999540474e+00,6.240221421389786638e-01
-1.130000000000003801e+01,6.234476611050079331e-01
1.099999999997212097e-01,6.228737089440308239e-01
1.073999999999991672e+01,6.223002851691614712e-01
-7.630000000000033644e+00,6.217273892939624291e-01
-1.322000000000013387e+01,6.211550208324440048e-01
-7.490000000000183178e+00,6.205831792990638140e-01
3.639999999999850466e+00,6.200118642087265597e-01
-6.160000000000076525e+00,6.194410750767834761e-01
-8.690000000000123848e+00,6.188708114190319964e-01
-1.170000000000020357e+00,6.183010727517154193e-01
1.182999999999995389e+01,6.177318585915221316e-01
-4.739999999997817959e+00,6.171631684555857200e-01
-1.300000000000021494e+01,6.165950018614841932e-01
-5.950000000000139622e+00,6.160273583272396491e-01
-2.029000000000044679e+01,6.154602373713180530e-01
-1.453000000000042569e+01,6.148936385126284598e-01
3.800000000009158274e-01,6.143275612705230149e-01
-1.371999999999999531e+01,6.137620051647961761e-01
-6.890000000000280345e+00,6.131969697156846033e-01
-1.869999999999982565e+00,6.126324544438666031e-01
6.640000000000322977e+00,6.120684588704617957e-01
-6.499999999983532284e-01,6.115049825170305597e-01
-8.199999999999820766e-01,6.109420249055738106e-01
-1.862000000000000455e+01,6.103795855585325558e-01
-1.961000000000040799e+01,6.098176639987873404e-01
-7.659999999999969944e+00,6.092562597496579135e-01
-1.012999999999994927e+01,6.086953723349030065e-01
5.709999999999944897e+00,6.081350012787197779e-01
9.899999999998327915e-01,6.075751461057432579e-01
1.295000000000026574e+01,6.070158063410462379e-01
-1.013000000000027434e+01,6.064569815101386041e-01
1.389000000000009649e+01,6.058986711389673374e-01
-9.420000000000127827e+00,6.053408747539155144e-01
1.220999999999999197e+01,6.047835918818024181e-01
1.044000000000123407e+01,6.042268220498828724e-01
1.569999999999858176e+00,6.036705647858469082e-01
-1.274999999999993960e+01,6.031148196178194310e-01
-7.510000000000166764e+00,6.025595860743597765e-01
1.769999999999938955e+00,6.020048636844611556e-01
-1.616000000000047265e+01,6.014506519775505433e-01
-6.070000000000272955e+00,6.008969504834880127e-01
-7.570000000000218776e+00,6.003437587325665126e-01
-6.559999999999960529e+00,5.997910762555114239e-01
-1.797999999999991161e+01,5.992389025834801153e-01
9.010000000000257359e+00,5.986872372480616100e-01
-3.007999999999989171e+01,5.981360797812761421e-01
-4.199999999998023092e+00,5.975854297155747119e-01
-6.920000000000202434e+00,5.970352865838388645e-01
-7.660000000000380282e+00,5.964856499193800232e-01
-1.254000000000026560e+01,5.959365192559393787e-01
4.550000000000641975e+00,5.953878941276873338e-01
-2.200000000000018829e+00,5.948397740692231705e-01
-4.200000000002388489e-01,5.942921586155744951e-01
-1.448000000000029353e+01,5.937450473021971264e-01
2.449999999999940670e+00,5.931984396649745417e-01
-1.848000000000043386e+01,5.926523352402173206e-01
-3.280000000000105054e+00,5.921067335646630347e-01
-1.192000000000050797e+01,5.915616341754758034e-01
-1.492000000000014914e+01,5.910170366102457384e-01
-8.570000000000176144e+00,5.904729404069886112e-01
3.790000000000759872e+00,5.899293451041456304e-01
-5.830000000000105764e+00,5.893862502405828874e-01
-1.295999999999993335e+01,5.888436553555909114e-01
-6.360000000000205489e+00,5.883015599888844482e-01
1.929999999999822080e+00,5.877599636806019046e-01
-5.139999999998753566e+00,5.872188659713051262e-01
-3.630000000000197069e+00,5.866782664019789539e-01
-1.195999999999994579e+01,5.861381645140306684e-01
-4.100000000000154188e+00,5.855985598492898792e-01
-1.235000000000044196e+01,5.850594519500078583e-01
-8.130000000000043414e+00,5.845208403588574297e-01
-3.046999999999991360e+01,5.839827246189321919e-01
1.829999999999897931e+00,5.834451042737467397e-01
-3.109999999999972786e+00,5.829079788672355544e-01
9.239999999999943370e+00,5.823713479437532259e-01
-8.180000000000367422e+00,5.818352110480736750e-01
-1.570000000000166596e+00,5.812995677253900428e-01
1.709999999999961773e+00,5.807644175213140247e-01
-9.749999999999989342e+00,5.802297599818756479e-01
-5.690000000000223324e+00,5.796955946535229387e-01
1.076999999999997648e+01,5.791619210831214781e-01
-1.280000000000217186e+00,5.786287388179539581e-01
-7.010000000000179199e+00,5.780960474057198484e-01
-1.612000000000023903e+01,5.775638463945350631e-01
4.509999999999897646e+00,5.770321353329315173e-01
1.542000000000014026e+01,5.765009137698565711e-01
-2.070000000000009877e+01,5.759701812546731414e-01
-4.510000000000157883e+00,5.754399373371587023e-01
-2.279000000000066350e+01,5.749101815675053961e-01
8.979999999999870752e+00,5.743809134963194785e-01
-2.699999999999970868e+00,5.738521326746207629e-01
-7.300000000000196110e+00,5.733238386538425102e-01
1.252000000000069946e+01,5.727960309858309840e-01
-3.220000000000263540e+00,5.722687092228448957e-01
-8.720000000000254659e+00,5.717418729175551828e-01
1.449999999999808109e+00,5.712155216230446753e-01
-1.894000000000065143e+01,5.706896548928076518e-01
1.520999999999997598e+01,5.701642722807492847e-01
5.389999999999925961e+00,5.696393733411855287e-01
-9.860000000000093578e+00,5.691149576288426770e-01
-2.223000000000003595e+01,5.685910246988569172e-01
4.530000000001475513e+00,5.680675741067739981e-01
-2.349999999999976552e+00,5.675446054085487857e-01
-5.720000000000097451e+00,5.670221181605449301e-01
-1.276000000000016321e+01,5.665001119195346435e-01
4.179999999999991722e+00,5.659785862426980341e-01
-6.640000000000118696e+00,5.654575406876228838e-01
-1.055999999999932015e+01,5.649369748123042045e-01
5.949999999999810107e+00,5.644168881751441269e-01
-1.826000000000012591e+01,5.638972803349511231e-01
-1.229999999999976668e+00,5.633781508509400071e-01
-1.508999999999992525e+01,5.628594992827312682e-01
-6.950000000000228439e+00,5.623413251903507382e-01
-1.764000000000026702e+01,5.618236281342294802e-01
-4.570000000000262297e+00,5.613064076752031228e-01
-5.430000000000099192e+00,5.607896633745115267e-01
-1.453000000000034397e+01,5.602733947937986736e-01
7.899999999998070788e-01,5.597576014951118895e-01
-1.729999999999974669e+00,5.592422830409018442e-01
-8.190000000000065228e+00,5.587274389940218855e-01
-1.336000000000019128e+01,5.582130689177279281e-01
6.930000000000021032e+00,5.576991723756778985e-01
-1.020000000000117035e+00,5.571857489319315127e-01
-7.760000000000427889e+00,5.566727981509496104e-01
-8.860000000000139764e+00,5.561603195975941549e-01
-1.370000000000346718e+00,5.556483128371276781e-01
-4.170000000000301910e+00,5.551367774352129469e-01
-5.280000000000240057e+00,5.546257129579125200e-01
-2.810000000000221654e+00,5.541151189716884140e-01
-2.458999999999993236e+01,5.536049950434018818e-01
-1.486000000000029786e+01,5.530953407403129685e-01
-2.480000000000168292e+00,5.525861556300799560e-01
-3.560000000000203890e+00,5.520774392807591413e-01
-4.950000000000181366e+00,5.515691912608046144e-01
-9.369999999999993889e+00,5.510614111390675918e-01
-1.344000000000018069e+01,5.505540984847963060e-01
5.719999999999740403e+00,5.500472528676355610e-01
6.799999999999735145e-01,5.495408738576262886e-01
1.249999999999860112e+00,5.490349610252053258e-01
-6.720000000000035278e+00,5.485295139412048604e-01
-1.320999999999991914e+01,5.480245321768523192e-01
1.217999999999998728e+01,5.475200153037697026e-01
2.791000000000120096e+01,5.470159628939733620e-01
-9.950000000000185807e+00,5.465123745198738892e-01
6.999999999998141043e-02,5.460092497542753387e-01
4.000000000004688694e-02,5.455065881703750064e-01
-9.360000000000201936e+00,5.450043893417633178e-01
-5.630000000000116245e+00,5.445026528424229406e-01
7.399999999999109512e-01,5.440013782467291170e-01
5.880000000002110205e+00,5.435005651294485540e-01
7.869999999999970797e+00,5.430002130657396453e-01
8.350000000001148948e+00,5.425003216311519161e-01
-2.699999999992745980e-01,5.420008904016255791e-01
-6.620000000000398899e+00,5.415019189534912014e-01
-6.099999999999980105e+00,5.410034068634694826e-01
-4.690000000000146940e+00,5.405053537086706994e-01
-2.570000000000205453e+00,5.400077590665944838e-01
-4.130000000000166871e+00,5.395106225151293788e-01
1.039999999999811298e+00,5.390139436325527278e-01
-1.925999999999715939e+01,5.385177219975298968e-01
-1.080000000000025473e+01,5.380219571891141639e-01
-1.761000000000058563e+01,5.375266487867463860e-01
-1.929000000000048232e+01,5.370317963702545550e-01
-4.120000000000220375e+00,5.365373995198535750e-01
2.769999999999935625e+00,5.360434578161447083e-01
-3.920000000000195328e+00,5.355499708401154635e-01
5.299999999999924327e+00,5.350569381731388185e-01
-3.050000000000051337e+00,5.345643593969734431e-01
3.709999999999956444e+00,5.340722340937628099e-01
2.776000000000017209e+01,5.335805618460351951e-01
2.239999999999960245e+00,5.330893422367032342e-01
-1.950000000000205791e+00,5.325985748490634775e-01
-1.374000000000027377e+01,5.321082592667960576e-01
-9.040000000000151914e+00,5.316183950739644670e-01
-1.027000000000041169e+01,5.311289818550150033e-01
-8.220000000000002416e+00,5.306400191947766576e-01
-1.445000000000020179e+01,5.301515066784605601e-01
-8.860000000000294307e+00,5.296634438916596466e-01
-6.270000000000160334e+00,5.291758304203485475e-01
4.530000000001102478e+00,5.286886658508828107e-01
-1.635000000000044906e+01,5.282019497699989019e-01
-1.940000000000330127e+00,5.277156817648138709e-01
-2.907999999999992013e+01,5.272298614228245750e-01
3.209999999999979536e+00,5.267444883319079008e-01
-2.014000000000024215e+01,5.262595620803199870e-01
3.359999999999972786e+00,5.257750822566961135e-01
9.389999999999883329e+00,5.252910484500501465e-01
-2.620000000000421547e+00,5.248074602497744268e-01
5.049999999999785771e+00,5.243243172456393264e-01
-6.630000000000057625e+00,5.238416190277928042e-01
-2.552000000000042235e+01,5.233593651867600727e-01
2.085000000000105658e+01,5.228775553134433762e-01
-7.530000000000353744e+00,5.223961889991216578e-01
1.799999999999973843e+00,5.219152658354501151e-01
-1.460000000000078790e+00,5.214347854144597560e-01
7.859999999999968345e+00,5.209547473285571773e-01
2.299999999997059952e-01,5.204751511705243416e-01
-1.683999999999863562e+01,5.199959965335180234e-01
-2.630000000000163318e+00,5.195172830110694751e-01
1.399999999999840927e+00,5.190390101970843162e-01
-1.149999999999394173e+00,5.185611776858418676e-01
-4.920000000000166018e+00,5.180837850719949289e-01
2.400000000000057643e-01,5.176068319505696680e-01
-1.773999999999808352e+01,5.171303179169649544e-01
4.799999999998756373e-01,5.166542425669521377e-01
8.070000000000153051e+00,5.161786054966747139e-01
1.871000000000018559e+01,5.157034063026478821e-01
-3.360000000000141540e+00,5.152286445817584326e-01
-1.355000000000024230e+01,5.147543199312643036e-01
2.569999999999892815e+00,5.142804319487940257e-01
1.329999999999927240e+00,5.138069802323466106e-01
-3.070000000000182361e+00,5.133339643802912189e-01
6.050000000000657074e+00,5.128613839913668260e-01
-1.118000000000037275e+01,5.123892386646815567e-01
1.245000000000011475e+01,5.119175279997127959e-01
-2.014000000000042334e+01,5.114462515963067446e-01
5.370000000000976215e+00,5.109754090546777539e-01
-1.193999999999941330e+01,5.105049999754083245e-01
-7.449999999999997513e+00,5.100350239594486634e-01
-1.558000000000061469e+01,5.095654806081163501e-01
4.999999999980775378e-02,5.090963695230960040e-01
2.805000000000077875e+01,5.086276903064388399e-01
6.359999999999922160e+00,5.081594425605626686e-01
8.799999999999970512e+00,5.076916258882511190e-01
3.991000000000155978e+01,5.072242398926535278e-01
-5.480000000000115890e+00,5.067572841772846060e-01
1.089999999999975211e+00,5.062907583460239946e-01
-7.869999999998549711e+00,5.058246620031161545e-01
1.289999999999847047e+00,5.053589947531698101e-01
-1.485000000000024301e+01,5.048937562011577285e-01
-7.490000000000341274e+00,5.044289459524162744e-01
1.269999999999980700e+00,5.039645636126450778e-01
-1.356000000000043393e+01,5.035006087879069225e-01
4.370000000000286988e+00,5.030370810846271912e-01
-1.530000000000033467e+01,5.025739801095935322e-01
-2.386000000000062826e+01,5.021113054699557487e-01
7.380000000000097593e+00,5.016490567732251327e-01
-6.039999999997729851e+00,5.011872336272743533e-01
6.480000000003371952e+00,5.007258356403372357e-01
-1.361000000000013621e+01,5.002648624210079831e-01
-1.309999999999994813e+01,4.998043135782413438e-01
-5.360000000000162856e+00,4.993441887213520003e-01
9.610000000001182485e+00,4.988844874600142920e-01
2.030000000000011084e+01,4.984252094042619374e-01
-7.070000000000099760e+00,4.979663541644876457e-01
-9.040000000000022240e+00,4.975079213514427834e-01
2.461000000000156973e+01,4.970499105762370418e-01
3.079999999999819327e+00,4.965923214503381589e-01
-1.201000000000027157e+01,4.961351535855715866e-01
-1.922000000000045361e+01,4.956784065941201023e-01
6.370000000000341167e+00,4.952220800885235308e-01
-7.880000000000383586e+00,4.947661736816783562e-01
2.711000000000060339e+01,4.943106869868374997e-01
-5.510000000000151665e+00,4.938556196176098201e-01
2.099999999999631051e-01,4.934009711879600024e-01
-5.890000000000048530e+00,4.929467413122080588e-01
-3.699999999997475975e+00,4.924929296050291061e-01
-2.949999999999723066e+00,4.920395356814529775e-01
-3.980000000000162963e+00,4.915865591568638338e-01
1.179999999999984173e+00,4.911339996470000524e-01
5.419999999999911111e+00,4.906818567679536724e-01
-7.009999999999992681e+00,4.902301301361702279e-01
-1.010000000000011156e+01,4.897788193684482483e-01
2.220000000000078089e+01,4.893279240819391473e-01
-5.630000000000215721e+00,4.888774438941467793e-01
3.169999999999713047e+00,4.884273784229271054e-01
4.829999999999934346e+00,4.879777272864878612e-01
6.239999999999963798e+00,4.875284901033883345e-01
1.739999999999963576e+00,4.870796664925389208e-01
-5.360000000000142428e+00,4.866312560732008463e-01
1.507000000000017437e+01,4.861832584649858902e-01
6.660000000000676934e+00,4.857356732878559957e-01
3.221000000000191221e+01,4.852885001621229932e-01
4.419999999999905782e+00,4.848417387084482111e-01
3.329000000000142023e+01,4.843953885478422539e-01
-1.024999999999995026e+01,4.839494493016645582e-01
4.339999999999848868e+00,4.835039205916232263e-01
9.510000000000088605e+00,4.830588020397745819e-01
2.269999999999987139e+00,4.826140932685228924e-01
8.889999999999913527e+00,4.821697939006199807e-01
5.310000000000611564e+00,4.817259035591650584e-01
-6.680000000000248406e+00,4.812824218676042820e-01
6.750000000000817124e+00,4.808393484497304748e-01
6.829999999999927240e+00,4.803966829296827945e-01
-6.150000000000241940e+00,4.799544249319463995e-01
-8.040000000000228297e+00,4.795125740813521720e-01
2.430000000000515747e+00,4.790711300030763842e-01
-8.579999999997999893e+00,4.786300923226403103e-01
-7.249999999999316103e+00,4.781894606659101155e-01
7.280000000000656613e+00,4.777492346590962446e-01
4.149999999999996803e+00,4.773094139287533677e-01
2.901000000000033197e+01,4.768699981017798795e-01
3.863000000000129575e+01,4.764309868054176778e-01
1.175000000000023981e+01,4.759923796672518304e-01
2.524000000000005173e+01,4.755541763152102974e-01
1.539000000000099710e+01,4.751163763775634874e-01
7.170000000000040785e+00,4.746789794829240905e-01
-1.250000000000181410e+00,4.742419852602466346e-01
-5.899999999999081535e-01,4.738053933388273187e-01
2.960000000000814424e+00,4.733692033483035688e-01
2.709999999999981313e+00,4.729334149186537606e-01
-3.510000000000164100e+00,4.724980276801969414e-01
-6.900000000002128875e-01,4.720630412635924977e-01
-1.791000000000042292e+01,4.716284552998398216e-01
-8.100000000000260769e+00,4.711942694202779780e-01
-5.720000000000061036e+00,4.707604832565854269e-01
-5.840000000000165059e+00,4.703270964407798016e-01
7.190000000000516422e+00,4.698941086052174088e-01
7.999999999999494182e-01,4.694615193825930621e-01
7.329999999999960103e+00,4.690293284059396384e-01
1.916000000000072845e+01,4.685975353086279660e-01
1.539000000000087454e+01,4.681661397243663258e-01
1.757000000000062556e+01,4.677351412872002290e-01
-4.600000000000163958e+00,4.673045396315120281e-01
2.700000000003610623e-01,4.668743343920207511e-01
-6.220000000000251106e+00,4.664445252037817125e-01
-4.579999999999963656e+00,4.660151117021861245e-01
2.055000000000102034e+01,4.655860935229609310e-01
-4.310000000000204778e+00,4.651574703021683632e-01
2.900000000000796163e+00,4.647292416762057732e-01
-1.090000000000013181e+01,4.643014072818051896e-01
8.550000000000721911e+00,4.638739667560330404e-01
1.804000000000020520e+01,4.634469197362899862e-01
2.476999999999998181e+01,4.630202658603104204e-01
1.650000000000111156e+00,4.625940047661622478e-01
2.435999999999999943e+01,4.621681360922466064e-01
-1.103000000000022318e+01,4.617426594772974235e-01
4.799999999999029487e-01,4.613175745603813604e-01
1.831000000000057781e+01,4.608928809808972571e-01
-3.639999999998486224e+00,4.604685783785759656e-01
4.069999999999992291e+00,4.600446663934800173e-01
-8.789999999999317026e+00,4.596211446660032340e-01
-1.004999999999913030e+01,4.591980128368705616e-01
-9.480000000000027072e+00,4.587752705471376813e-01
2.934000000000096264e+01,4.583529174381907323e-01
-1.535000000000035669e+01,4.579309531517459786e-01
-2.040000000000349090e+00,4.575093773298495314e-01
-1.310000000000176579e+00,4.570881896148770163e-01
1.579999999999713189e+00,4.566673896495333507e-01
5.400000000000127365e+00,4.562469770768523003e-01
-6.280000000000145910e+00,4.558269515401963123e-01
5.039999999999809077e+00,4.554073126832561269e-01
-7.990000000000061497e+00,4.549880601500505550e-01
3.709000000000126818e+01,4.545691935849260901e-01
1.336000000000024990e+01,4.541507126325566857e-01
-1.065000000000049241e+01,4.537326169379433116e-01
3.699999999997010125e-01,4.533149061464138985e-01
2.637000000000089273e+01,4.528975799036227268e-01
2.299999999999915445e+00,4.524806378555504272e-01
3.309999999999792664e+00,4.520640796485034807e-01
2.630000000000412896e+00,4.516479049291139969e-01
1.830000000001335003e+00,4.512321133443393806e-01
-9.620000000000192841e+00,4.508167045414621099e-01
-1.098000000000032905e+01,4.504016781680892922e-01
-7.569999999997878426e+00,4.499870338721524976e-01
3.359999999999915055e+00,4.495727713019074812e-01
-8.540000000000265601e+00,4.491588901059336836e-01
4.899999999999820055e+00,4.487453899331341201e-01
6.999999999987771560e-02,4.483322704327350472e-01
1.388999999999996504e+01,4.479195312542856855e-01
1.229000000000270276e+01,4.475071720476577752e-01
-9.539999999999952962e+00,4.470951924630455210e-01
6.850000000000170175e+00,4.466835921509650364e-01
-3.008000000000080121e+01,4.462723707622542890e-01
-5.630000000000142890e+00,4.458615279480725446e-01
-5.230000000000216254e+00,4.454510633599003677e-01
4.720000000000702300e+00,4.450409766495390662e-01
2.629999999999784954e+00,4.446312674691105804e-01
1.120999999999998131e+01,4.442219354710570389e-01
1.254000000000001691e+01,4.438129803081405922e-01
1.460000000000190923e+00,4.434044016334430238e-01
1.400000000011072387e-01,4.429961991003655286e-01
3.689999999999844960e+00,4.425883723626283794e-01
-9.000000000001731060e-01,4.421809210742705942e-01
1.105000000000069527e+01,4.417738448896497139e-01
1.041000000000093273e+01,4.413671434634414692e-01
2.383999999999987551e+01,4.409608164506395034e-01
1.659999999999874687e+00,4.405548635065551499e-01
1.464000000000104507e+01,4.401492842868169331e-01
6.859999999999904396e+00,4.397440784473705122e-01
2.759999999999918074e+00,4.393392456444782379e-01
4.199999999999006750e-01,4.389347855347189298e-01
2.120000000000884288e+00,4.385306977749875434e-01
9.990000000000618385e+00,4.381269820224949485e-01
-9.129999999998190674e+00,4.377236379347674844e-01
-1.035999999999994081e+01,4.373206651696469049e-01
5.640000000000791935e+00,4.369180633852898787e-01
-4.609999999999967457e+00,4.365158322401678226e-01
5.316000000000201453e+01,4.361139713930665129e-01
-1.789999999999997593e+00,4.357124805030859194e-01
-2.799999999974136511e-01,4.353113592296397605e-01
-6.040000000000082636e+00,4.349106072324553929e-01
-8.440000000000571490e+00,4.345102241715733671e-01
9.300000000000286704e+00,4.341102097073472610e-01
6.479999999999884075e+00,4.337105635004432913e-01
9.140000000000604530e+00,4.333112852118400360e-01
-2.190000000000244640e+00,4.329123745028282677e-01
-7.010000000000063736e+00,4.325138310350105098e-01
7.170000000000724683e+00,4.321156544703008695e-01
-3.149999999999460343e+00,4.317178444709246499e-01
-1.638000000000042888e+01,4.313204006994181272e-01
6.599999999998376055e-01,4.309233228186282738e-01
-4.919999999998217355e+00,4.305266104917124248e-01
3.930000000000887006e+00,4.301302633821380561e-01
-5.400000000001641265e-01,4.297342811536823404e-01
-5.200000000001256950e-01,4.293386634704321470e-01
4.889999999999965929e+00,4.289434099967834868e-01
-9.720000000000002416e+00,4.285485203974413460e-01
7.899999999998883471e-01,4.281539943374193524e-01
-1.930000000000199778e+00,4.277598314820396097e-01
4.729999999999737526e+00,4.273660314969323082e-01
3.840000000000085123e+00,4.269725940480353921e-01
-1.800000000000063771e-01,4.265795188015944484e-01
1.550000000000735234e+00,4.261868054241622072e-01
-6.830000000000138627e+00,4.257944535825984866e-01
-2.830000000000254978e+00,4.254024629440697480e-01
1.164999999999997016e+01,4.250108331760488189e-01
2.809999999999838849e+00,4.246195639463147264e-01
-4.040000000000173230e+00,4.242286549229522530e-01
-6.590000000000251212e+00,4.238381057743518809e-01
4.580000000000185167e+01,4.234479161692092375e-01
3.158000000000159702e+01,4.230580857765250946e-01
1.557000000000013351e+01,4.226686142656048140e-01
1.539000000000022794e+01,4.222795013060582359e-01
1.139000000000142876e+01,4.218907465677994018e-01
4.061000000000157684e+01,4.215023497210461656e-01
3.799999999999910116e+00,4.211143104363200829e-01
1.679999999999984617e+00,4.207266283844459109e-01
-5.810000000000237641e+00,4.203393032365515536e-01
1.793000000000086303e+01,4.199523346640676169e-01
1.110000000000171205e+01,4.195657223387272428e-01
-5.680000000000251070e+00,4.191794659325656647e-01
2.415000000000103242e+01,4.187935651179202079e-01
6.010000000000452758e+00,4.184080195674296787e-01
-3.390000000000236824e+00,4.180228289540343645e-01
2.900000000008984280e-01,4.176379929509756450e-01
2.690000000000750902e+00,4.172535112317957151e-01
2.959999999999839648e+00,4.168693834703372514e-01
-8.160000000000072973e+00,4.164856093407431903e-01
5.429000000000110049e+01,4.161021885174565615e-01
-1.530000000000084182e+00,4.157191206752199886e-01
9.700000000008937029e-01,4.153364054890756329e-01
1.341000000000060588e+01,4.149540426343647503e-01
1.250999999999990386e+01,4.145720317867274685e-01
-7.999999999983800070e-01,4.141903726221025650e-01
9.570000000000288054e+00,4.138090648167271346e-01
-5.999999999999612310e-01,4.134281080471363667e-01
2.050000000001550582e+00,4.130475019901631573e-01
3.103000000000109537e+01,4.126672463229379417e-01
-7.790000000000425473e+00,4.122873407228884735e-01
3.519999999999780194e+00,4.119077848677393794e-01
1.133000000000022212e+01,4.115285784355119936e-01
-6.420000000000050555e+00,4.111497211045240796e-01
2.000000000000667022e+00,4.107712125533894976e-01
1.319000000000186823e+01,4.103930524610180930e-01
2.399999999999595790e-01,4.100152405066151973e-01
3.199000000000124544e+01,4.096377763696815166e-01
7.579999999999905924e+00,4.092606597300127991e-01
-3.300000000002820677e-01,4.088838902676995568e-01
1.019999999999811946e+00,4.085074676631268997e-01
7.220000000000447393e+00,4.081313915969740913e-01
2.166000000000070003e+01,4.077556617502143821e-01
2.080000000000028493e+01,4.073802778041147321e-01
-2.020000000000056062e+01,4.070052394402355334e-01
5.099999999999260680e-01,4.066305463404303322e-01
-6.130000000000091376e+00,4.062561981868455518e-01
1.029999999999995275e+01,4.058821946619202703e-01
1.046000000000115371e+01,4.055085354483858873e-01
4.136000000000257160e+01,4.051352202292658466e-01
-1.068000000000030880e+01,4.047622486878755255e-01
2.491000000000118675e+01,4.043896205078216788e-01
1.378000000000028002e+01,4.040173353730024952e-01
-8.990000000000200941e+00,4.036453929676070418e-01
2.489000000000240931e+01,4.032737929761152085e-01
1.236000000000023924e+01,4.029025350832973196e-01
1.420999999999996888e+01,4.025316189742139117e-01
3.989999999999825242e+00,4.021610443342154562e-01
2.463000000000038625e+01,4.017908108489420815e-01
8.169999999999800977e+00,4.014209182043232960e-01
4.721000000000150720e+01,4.010513660865778207e-01
2.489000000000198298e+01,4.006821541822132571e-01
6.053000000000133696e+01,4.003132821780256978e-01
3.643000000000112948e+01,3.999447497610996161e-01
2.217000000000206228e+01,3.995765566188076434e-01
-2.012000000000051614e+01,3.992087024388100702e-01
4.669999999999932427e+00,3.988411869090549011e-01
2.209999999999976872e+00,3.984740097177772444e-01
6.609999999999994102e+00,3.981071705534993677e-01
2.054000000000035442e+01,3.977406691050302534e-01
-1.714000000000028123e+01,3.973745050614652663e-01
-3.510000000000185416e+00,3.970086781121861530e-01
5.799999999999387867e-01,3.966431879468604871e-01
-3.300000000002243361e-01,3.962780342554416135e-01
2.128000000000124459e+01,3.959132167281682602e-01
1.627000000000040814e+01,3.955487350555643711e-01
5.829999999999897042e+00,3.951845889284387181e-01
4.049999999999785771e+00,3.948207780378848453e-01
1.790000000002338387e+00,3.944573020752805692e-01
3.229000000000176840e+01,3.940941607322878681e-01
1.750000000001175282e+00,3.937313537008526043e-01
2.724000000000015120e+01,3.933688806732041909e-01
-5.480000000000075033e+00,3.930067413418553701e-01
2.168000000000142435e+01,3.926449353996019909e-01
-5.950000000000167155e+00,3.922834625395227315e-01
3.324000000000019384e+01,3.919223224549788220e-01
-8.980000000000197602e+00,3.915615148396137668e-01
-1.548999999999639954e+01,3.912010393873531222e-01
1.869999999999830242e+00,3.908408957924041638e-01
3.480000000001234106e+00,3.904810837492557196e-01
6.769999999999902229e+01,3.901216029526779483e-01
-2.500000000002613465e-01,3.897624530977218948e-01
7.550000000000840039e+00,3.894036338797193797e-01
4.080000000000327809e+00,3.890451449942827211e-01
2.442000000000052040e+01,3.886869861373044577e-01
6.859999999999986109e+00,3.883291570049570707e-01
-1.082999999999995744e+01,3.879716572936928176e-01
1.650000000000119726e+01,3.876144867002432881e-01
2.378000000000062641e+01,3.872576449216193484e-01
3.584000000000074238e+01,3.869011316551107527e-01
1.215000000000005365e+01,3.865449465982859767e-01
1.184000000000079034e+01,3.861890894489918846e-01
3.421000000000184116e+01,3.858335599053535625e-01
2.580000000000028848e+01,3.854783576657739297e-01
5.100000000000176392e+00,3.851234824289335723e-01
2.172000000000076980e+01,3.847689338937905212e-01
2.184000000000100528e+01,3.844147117595799190e-01
-4.999999999999084288e+00,3.840608157258137978e-01
-9.570000000000149498e+00,3.837072454922808573e-01
9.269999999999958717e+00,3.833540007590460763e-01
5.199999999998394795e-01,3.830010812264506570e-01
3.839999999999793800e+00,3.826484865951116365e-01
1.167999999999999439e+01,3.822962165659216094e-01
2.377000000000012037e+01,3.819442708400486719e-01
6.470000000000572626e+00,3.815926491189358671e-01
5.749999999999817923e+00,3.812413511043011849e-01
-1.979999999999915516e+01,3.808903764981372286e-01
2.654000000000250381e+01,3.805397250027109379e-01
3.549999999999834621e+00,3.801893963205632554e-01
8.670000000000378293e+00,3.798393901545091267e-01
-7.420000000000123386e+00,3.794897062076369454e-01
1.094999999999993534e+01,3.791403441833085530e-01
1.019999999999767315e+00,3.787913037851587950e-01
2.019999999999763318e+00,3.784425847170954094e-01
7.039999999999904112e+00,3.780941866832986942e-01
8.359999999999910614e+00,3.777461093882212850e-01
-7.999999999999541700e+00,3.773983525365878777e-01
-2.400000000000166001e+00,3.770509158333950617e-01
7.050000000000467004e+00,3.767037989839109868e-01
3.832000000000134321e+01,3.763570016936750862e-01
2.744000000000149342e+01,3.760105236684979646e-01
1.167999999999999261e+01,3.756643646144609550e-01
-1.980000000000220917e+00,3.753185242379160624e-01
-8.699999999982583887e-01,3.749730022454856315e-01
-1.349999999999033751e+00,3.746277983440620130e-01
-1.708999999999991459e+01,3.742829122408074527e-01
8.479999999999908056e+00,3.739383436431537588e-01
-7.420000000000091411e+00,3.735940922588020796e-01
-4.689999999998065050e+00,3.732501577957227368e-01
1.965000000000009450e+01,3.729065399621547816e-01
1.161000000000068688e+01,3.725632384666059393e-01
-3.690000000000161151e+00,3.722202530178522206e-01
4.694000000000164619e+01,3.718775833249378104e-01
6.347000000000097941e+01,3.715352290971747351e-01
4.115000000000162572e+01,3.711931900441425847e-01
2.965000000000238245e+01,3.708514658756883464e-01
1.184000000000099639e+01,3.705100563019261828e-01
-6.130000000000139337e+00,3.701689610332369873e-01
1.374000000000027555e+01,3.698281797802683846e-01
8.709999999999986642e+00,3.694877122539343972e-01
-1.045000000000058904e+01,3.691475581654151128e-01
3.254000000000055337e+01,3.688077172261565728e-01
2.158000000000158991e+01,3.684681891478703841e-01
4.560000000001172005e+00,3.681289736425336079e-01
-6.049999999999078781e+00,3.677900704223884820e-01
1.992000000000242110e+01,3.674514791999421437e-01
-6.330000000000415739e+00,3.671131996879663517e-01
-2.040000000000230074e+00,3.667752315994973200e-01
7.099999999999822009e+00,3.664375746478354956e-01
1.149000000000116195e+01,3.661002285465451700e-01
2.890000000000716440e+00,3.657631930094543682e-01
3.209999999999965326e+00,3.654264677506546266e-01
3.330000000000192273e+01,3.650900524845006045e-01
1.162000000000035271e+01,3.647539469256099731e-01
9.370000000000947793e+00,3.644181507888631377e-01
4.679999999999981064e+00,3.640826637894030160e-01
1.523000000000079268e+01,3.637474856426346492e-01
6.739999999999961133e+00,3.634126160642252024e-01
5.389999999999932179e+00,3.630780547701035199e-01
5.310000000000967724e+00,3.627438014764600149e-01
-1.520000000000039542e+01,3.624098558997463915e-01
8.960000000000579945e+00,3.620762177566753115e-01
-8.699999999999226130e-01,3.617428867642203394e-01
4.780000000000875104e+00,3.614098626396154978e-01
2.152000000000037971e+01,3.610771451003551569e-01
9.880000000000931593e+00,3.607447338641938117e-01
1.318000000000099270e+01,3.604126286491457498e-01
2.583000000000018304e+01,3.600808291734848843e-01
1.676000000000263768e+01,3.597493351557444763e-01
8.179999999999989058e+00,3.594181463147168576e-01
1.667000000000087923e+01,3.590872623694533194e-01
1.172000000000035591e+01,3.587566830392637796e-01
4.882000000000175532e+01,3.584264080437165600e-01
9.829999999999960991e+00,3.580964371026381099e-01
9.419999999999966178e+00,3.577667699361128939e-01
4.389999999999899316e+00,3.574374062644829486e-01
2.299999999999963407e+00,3.571083458083478823e-01
1.962000000000011823e+01,3.567795882885644310e-01
-1.040000000000168789e+00,3.564511334262463471e-01
4.269000000000186645e+01,3.561229809427641779e-01
2.918000000000020577e+01,3.557951305597449321e-01
-3.920000000000180229e+00,3.554675819990719132e-01
2.930000000000517524e+00,3.551403349828843869e-01
7.239999999999947811e+00,3.548133892335775252e-01
2.892000000000043514e+01,3.544867444738020179e-01
2.311000000000069221e+01,3.541604004264639061e-01
3.880000000001113669e+00,3.538343568147242491e-01
4.000000000000184031e+01,3.535086133619990689e-01
3.962000000000148958e+01,3.531831697919589619e-01
2.919000000000026063e+01,3.528580258285289317e-01
1.520000000000076312e+01,3.525331811958881678e-01
2.249999999999775291e+00,3.522086356184696565e-01
-1.055999999999769301e+01,3.518843888209602366e-01
-5.599999999983951149e-01,3.515604405283000999e-01
3.269999999999956053e+00,3.512367904656827355e-01
8.395999999999953900e+01,3.509134383585545414e-01
1.933000000000055607e+01,3.505903839326147131e-01
2.452000000000128210e+01,3.502676269138149667e-01
3.063000000000032941e+01,3.499451670283593163e-01
2.124000000000003396e+01,3.496230040027037966e-01
2.066000000000029146e+01,3.493011375635563520e-01
3.307000000000023476e+01,3.489795674378764478e-01
2.310000000000183462e+00,3.486582933528749595e-01
5.910000000000617426e+00,3.483373150360138393e-01
4.290999999999696257e+01,3.480166322150060054e-01
4.863000000000118206e+01,3.476962446178150090e-01
7.260000000000994547e+00,3.473761519726548119e-01
1.073999999999997712e+01,3.470563540079896758e-01
1.209999999999959552e+00,3.467368504525337181e-01
-6.880000000000322302e+00,3.464176410352509117e-01
1.211999999999999744e+01,3.460987254853547523e-01
3.099000000000117439e+01,3.457801035323079253e-01
6.616999999999956117e+01,3.454617749058222498e-01
5.370000000000143103e+00,3.451437393358583461e-01
1.229000000000074344e+01,3.448259965526254134e-01
3.746000000000061902e+01,3.445085462865811188e-01
7.599999999999874412e+00,3.441913882684311532e-01
6.787999999999978229e+01,3.438745222291292314e-01
8.119999999999969020e+00,3.435579478998766478e-01
8.870000000000702656e+00,3.432416650121222768e-01
1.554000000000197801e+01,3.429256732975621280e-01
4.069000000000093564e+01,3.426099724881391806e-01
-2.400000000002580069e-01,3.422945623160433271e-01
1.263000000000038980e+01,3.419794425137109295e-01
1.853000000000248804e+01,3.416646128138246530e-01
-1.135000000000037268e+01,3.413500729493132435e-01
2.266000000000069292e+01,3.410358226533514170e-01
1.258999999999998565e+01,3.407218616593594152e-01
7.103999999999864201e+01,3.404081897010030056e-01
-5.680000000000232419e+00,3.400948065121930375e-01
-7.590000000000394209e+00,3.397817118270853864e-01
9.346999999999638931e+01,3.394689053800806211e-01
-4.600000000001271960e-01,3.391563869058239478e-01
3.524000000000264521e+01,3.388441561392047108e-01
-4.030000000000268479e+00,3.385322128153563370e-01
3.999999999998238298e-01,3.382205566696562249e-01
4.161000000000104393e+01,3.379091874377252447e-01
1.743000000000061789e+01,3.375981048554276831e-01
9.040999999999979764e+01,3.372873086588710767e-01
3.799999999998300293e-01,3.369767985844057678e-01
-1.454000000000039883e+01,3.366665743686249601e-01
3.289000000000015689e+01,3.363566357483642744e-01
3.349000000000216204e+01,3.360469824607015821e-01
3.509999999999919851e+00,3.357376142429568389e-01
9.239999999999994884e+00,3.354285308326918624e-01
4.730000000001642668e+00,3.351197319677099995e-01
-1.030000000000033467e+01,3.348112173860560148e-01
3.071000000000253749e+01,3.345029868260158690e-01
9.800000000000972378e+00,3.341950400261163856e-01
-6.660000000000087184e+00,3.338873767251251401e-01
4.136000000000279897e+01,3.335799966620501822e-01
1.262000000000009514e+01,3.332728995761398694e-01
2.960000000000608367e+00,3.329660852068825894e-01
1.038799999999993418e+02,3.326595532940065936e-01
-1.070000000000143281e+00,3.323533035774796640e-01
3.999999999980574650e-02,3.320473357975090023e-01
6.760999999999864940e+01,3.317416496945410076e-01
1.896000000000141483e+01,3.314362450092610546e-01
3.039000000000123336e+01,3.311311214825931604e-01
2.579999999999731841e+00,3.308262788556998735e-01
2.598000000000014609e+01,3.305217168699820518e-01
-1.480000000000184501e+00,3.302174352670786406e-01
7.121999999999917463e+01,3.299134337888663948e-01
-5.820000000000359108e+00,3.296097121774597682e-01
1.320000000000099050e+01,3.293062701752105248e-01
2.903000000000127656e+01,3.290031075247076831e-01
-5.490000000000152092e+00,3.287002239687772387e-01
1.627000000000020563e+01,3.283976192504819425e-01
1.732000000000175532e+01,3.280952931131210226e-01
4.003000000000233882e+01,3.277932453002301294e-01
-8.579999999999943228e+00,3.274914755555809465e-01
2.159999999999786091e+00,3.271899836231810799e-01
-1.900000000002834977e-01,3.268887692472737805e-01
7.982999999999707086e+01,3.265878321723377775e-01
5.379999999999871818e+01,3.262871721430870009e-01
2.551000000000026802e+01,3.259867889044704148e-01
2.972000000000084441e+01,3.256866822016717955e-01
1.235000000000138876e+01,3.253868517801095095e-01
9.050000000000647304e+00,3.250872973854362913e-01
3.109000000000182240e+01,3.247880187635390214e-01
3.210000000000296438e+01,3.244890156605385045e-01
-2.252999999999804004e+01,3.241902878227892471e-01
1.170999999999994934e+01,3.238918349968793464e-01
6.020000000000671037e+00,3.235936569296301579e-01
-8.100000000002167688e-01,3.232957533680960727e-01
-1.119000000000041339e+01,3.229981240595644065e-01
1.094999999999985540e+01,3.227007687515551226e-01
4.196000000000115193e+01,3.224036871918205538e-01
1.545000000000056239e+01,3.221068791283452915e-01
9.810000000000954401e+00,3.218103443093459637e-01
2.886000000000001364e+01,3.215140824832709576e-01
4.401000000000175305e+01,3.212180933988002529e-01
4.989999999999826130e+00,3.209223768048451997e-01
1.239999999999983116e+00,3.206269324505483520e-01
1.804000000000007020e+01,3.203317600852830793e-01
-2.650000000000229505e+00,3.200368594586535664e-01
2.355000000000298854e+01,3.197422303204945360e-01
6.518000000000154159e+01,3.194478724208709708e-01
7.769999999999959606e+00,3.191537855100779475e-01
5.179999999999418492e+01,3.188599693386404144e-01
3.061000000000118604e+01,3.185664236573130248e-01
5.903999999999803094e+01,3.182731482170799153e-01
2.647000000000176456e+01,3.179801427691543725e-01
1.308000000000117247e+01,3.176874070649788329e-01
-1.176000000000052736e+01,3.173949408562244390e-01
4.241000000000112635e+01,3.171027438947910393e-01
7.229999999999785487e+00,3.168108159328068552e-01
2.774000000000019739e+01,3.165191567226282587e-01
1.712000000000140787e+01,3.162277660168397175e-01
4.575999999999749690e+01,3.159366435682533503e-01
5.179999999999993499e+00,3.156457891299088714e-01
4.967000000000282967e+01,3.153552024550734245e-01
1.323999999999996291e+01,3.150648832972411939e-01
7.118999999999886086e+01,3.147748314101333489e-01
9.339999999999919567e+01,3.144850465476978219e-01
-2.660000000000279918e+00,3.141955284641090307e-01
3.421000000000214669e+01,3.139062769137676567e-01
2.154000000000043258e+01,3.136172916513005338e-01
3.001000000000032841e+01,3.133285724315603704e-01
6.170000000001164331e+00,3.130401190096255837e-01
-5.690000000000300595e+00,3.127519311408000213e-01
5.011000000000101551e+01,3.124640085806129064e-01
5.610000000000202647e+01,3.121763510848183931e-01
2.486000000000252896e+01,3.118889584093955114e-01
4.479999999999859206e+00,3.116018303105480558e-01
2.685000000000178488e+01,3.113149665447041414e-01
9.913999999999697366e+01,3.110283668685161484e-01
3.289999999999944080e+00,3.107420310388605000e-01
9.830999999999581007e+01,3.104559588128374403e-01
2.241999999999995197e+01,3.101701499477708124e-01
4.694000000000211514e+01,3.098846042012078916e-01
3.894000000000112038e+01,3.095993213309191638e-01
4.038000000000156575e+01,3.093143010948981031e-01
3.975000000000070344e+01,3.090295432513609497e-01
9.898999999999793431e+01,3.087450475587465437e-01
3.391000000000224901e+01,3.084608137757161583e-01
2.588000000000278789e+01,3.081768416611531669e-01
3.545000000000057838e+01,3.078931309741629874e-01
4.155000000000167404e+01,3.076096814740727492e-01
4.237000000000217170e+01,3.073264929204311824e-01
6.652999999999700265e+01,3.070435650730083954e-01
5.770999999999629892e+01,3.067608976917955976e-01
1.269999999999977813e+00,3.064784905370050438e-01
8.720000000000920792e+00,3.061963433690696457e-01
6.607000000000024897e+01,3.059144559486429160e-01
2.065000000000019753e+01,3.056328280365986916e-01
-1.355000000000030980e+01,3.053514593940309108e-01
5.729999999999709814e+01,3.050703497822535581e-01
3.704000000000075943e+01,3.047894989628002760e-01
5.079999999999798455e+00,3.045089066974242531e-01
1.304000000000077719e+01,3.042285727480980029e-01
3.471000000000015007e+01,3.039484968770131967e-01
3.245000000000258922e+01,3.036686788465804421e-01
4.420999999999983743e+01,3.033891184194290047e-01
3.111000000000076682e+01,3.031098153584067534e-01
3.869000000000029615e+01,3.028307694265798822e-01
6.934999999999823217e+01,3.025519803872326330e-01
6.513999999999793999e+01,3.022734480038672400e-01
5.220000000000688978e+00,3.019951720402035966e-01
1.096000000000059771e+01,3.017171522601792000e-01
1.109999999999858655e+00,3.014393884279488178e-01
7.343999999999664396e+01,3.011618803078843221e-01
5.771000000000124430e+01,3.008846276645745776e-01
7.509999999999900311e+00,3.006076302628250541e-01
3.280000000000402594e+00,3.003308878676578808e-01
-8.300000000000249401e+00,3.000544002443114033e-01
3.660000000000686704e+00,2.997781671582401830e-01
1.376999999999995161e+01,2.995021883751146086e-01
8.098999999999756483e+01,2.992264636608208406e-01
3.119999999999964579e+00,2.989509927814605894e-01
7.243999999999704187e+01,2.986757755033508932e-01
8.750000000003138823e+00,2.984008115930238403e-01
1.573999999999995936e+01,2.981261008172265692e-01
6.329000000000113602e+01,2.978516429429208801e-01
8.581999999999479201e+01,2.975774377372831236e-01
7.331999999999773365e+01,2.973034849677039793e-01
8.128999999999456350e+01,2.970297844017882882e-01
7.820000000000978169e+00,2.967563358073548319e-01
5.459000000000218478e+01,2.964831389524361649e-01
-1.500000000003927081e-01,2.962101936052783380e-01
5.322999999999689180e+01,2.959374995343407866e-01
9.320000000000030127e+01,2.956650565082961091e-01
1.397000000000093678e+01,2.953928642960299000e-01
1.444000000000116302e+01,2.951209226666404728e-01
-6.690000000000039471e+00,2.948492313894386929e-01
6.662999999999738066e+01,2.945777902339478116e-01
5.859999999999871534e+00,2.943065989699032992e-01
6.926000000000128409e+01,2.940356573672526230e-01
2.374000000000022936e+01,2.937649651961549702e-01
8.075999999999724821e+01,2.934945222269811360e-01
-1.079999999998406457e+00,2.932243282303133580e-01
1.158999999999999098e+01,2.929543829769450380e-01
1.519000000000067629e+01,2.926846862378806313e-01
5.312000000000069377e+01,2.924152377843353690e-01
1.048699999999941923e+02,2.921460373877350913e-01
6.790999999999867498e+01,2.918770848197161372e-01
9.630000000001130545e+00,2.916083798521250103e-01
8.709999999999974207e+00,2.913399222570182689e-01
6.559999999999763531e+01,2.910717118066623033e-01
8.799999999999954525e+00,2.908037482735332246e-01
5.080000000000658211e+00,2.905360314303165326e-01
8.510000000000731646e+00,2.902685610499070590e-01
6.928999999999962256e+01,2.900013369054086354e-01
-4.400000000000225953e+00,2.897343587701340373e-01
2.207000000000103057e+01,2.894676264176047065e-01
1.948000000000018872e+01,2.892011396215505847e-01
2.807000000000209994e+01,2.889348981559098917e-01
-9.600000000001780442e-01,2.886689017948290692e-01
-3.149999999999669953e+00,2.884031503126623375e-01
1.568000000000025906e+01,2.881376434839717504e-01
9.640000000000972236e+00,2.878723810835268071e-01
6.788999999999774104e+01,2.876073628863044518e-01
1.652000000000000313e+01,2.873425886674887964e-01
2.065000000000256364e+01,2.870780582024708427e-01
9.089999999999869829e+01,2.868137712668483719e-01
1.727000000000021629e+01,2.865497276364258328e-01
1.631000000000059202e+01,2.862859270872140094e-01
4.050000000000568257e+00,2.860223693954298541e-01
2.650000000000167688e+01,2.857590543374964320e-01
6.640000000001723635e+00,2.854959816900425884e-01
2.199999999998232258e-01,2.852331512299028371e-01
-7.980000000000314841e+00,2.849705627341170833e-01
8.878999999999652459e+01,2.847082159799305123e-01
1.170999999999994934e+01,2.844461107447933679e-01
8.440999999999850445e+01,2.841842468063608407e-01
3.425000000000122213e+01,2.839226239424927356e-01
4.720999999999848740e+01,2.836612419312533606e-01
2.545000000000029416e+01,2.834001005509114157e-01
3.215000000000253522e+01,2.831391995799397154e-01
2.423000000000166665e+01,2.828785387970149667e-01
5.099999999999755573e+01,2.826181179810176025e-01
2.927000000000020918e+01,2.823579369110317261e-01
-2.799999999997585753e+00,2.820979953663447226e-01
9.463999999999902002e+01,2.818382931264472036e-01
1.126000000000115264e+01,2.815788299710327847e-01
2.659000000000087027e+01,2.813196056799979194e-01
5.126999999999615198e+01,2.810606200334416216e-01
1.627000000000007418e+01,2.808018728116654650e-01
7.534999999999789111e+01,2.805433637951731396e-01
5.122000000000083730e+01,2.802850927646705070e-01
1.271000000000014651e+01,2.800270595010652674e-01
9.850000000000623146e+00,2.797692637854668485e-01
1.627000000000249003e+01,2.795117053991861833e-01
-6.839999999999104574e+00,2.792543841237355440e-01
2.811000000000146315e+01,2.789972997408282640e-01
1.129999999999995453e+01,2.787404520323787382e-01
7.120000000001550866e+00,2.784838407805020899e-01
1.186000000000014509e+01,2.782274657675140039e-01
6.423999999999726640e+01,2.779713267759306161e-01
6.635999999999398824e+01,2.777154235884682354e-01
3.620000000000090523e+01,2.774597559880432329e-01
7.279000000000014836e+01,2.772043237577718755e-01
2.246000000000102048e+01,2.769491266809699925e-01
2.018000000000043670e+01,2.766941645411529205e-01
1.017999999999998195e+01,2.764394371220353364e-01
4.080000000000005400e+01,2.761849442075310357e-01
-4.950000000000143174e+00,2.759306855817527104e-01
2.596000000000101693e+01,2.756766610290118380e-01
4.775000000000088818e+01,2.754228703338184037e-01
5.960000000000090381e+01,2.751693132808807896e-01
1.665000000000011582e+01,2.749159896551056081e-01
1.414000000000172008e+01,2.746628992415975357e-01
1.334000000000108699e+01,2.744100418256589791e-01
1.174000000000012456e+01,2.741574171927900205e-01
5.450000000000109424e+01,2.739050251286882509e-01
3.769999999999972928e+00,2.736528654192485477e-01
1.183399999999982413e+02,2.734009378505628529e-01
3.444000000000288964e+01,2.731492422089200622e-01
7.437999999999686906e+01,2.728977782808058583e-01
2.970000000000075246e+01,2.726465458529024333e-01
2.505000000000137561e+01,2.723955447120883222e-01
1.774000000000017607e+01,2.721447746454384031e-01
-3.570000000000161045e+00,2.718942354402233974e-01
5.709999999999919140e+00,2.716439268839100363e-01
2.324000000000037858e+01,2.713938487641605612e-01
2.979999999999758842e+00,2.711440008688328351e-01
6.368000000000061789e+01,2.708943829859798980e-01
-2.579999999999905924e+00,2.706449949038499669e-01
5.692000000000037119e+01,2.703958364108862145e-01
9.772999999999687759e+01,2.701469072957264905e-01
6.009999999999892317e+00,2.698982073472033782e-01
-7.800000000002007550e-01,2.696497363543437498e-01
2.261000000000020194e+01,2.694014941063687107e-01
1.683000000000044594e+01,2.691534803926934338e-01
4.657000000000077478e+01,2.689056950029269366e-01
7.370000000000024443e+01,2.686581377268719706e-01
-3.420000000000210427e+00,2.684108083545247436e-01
7.030999999999849592e+01,2.681637066760748644e-01
5.600000000000995293e+00,2.679168324819050095e-01
7.555999999999706063e+01,2.676701855625908677e-01
4.120000000000199947e+01,2.674237657089009734e-01
1.876000000000072987e+01,2.671775727117964294e-01
3.416000000000000369e+01,2.669316063624307400e-01
2.610000000000801457e+00,2.666858664521497557e-01
3.101000000000253110e+01,2.664403527724913956e-01
1.005000000000216076e+01,2.661950651151854808e-01
3.636000000000028365e+01,2.659500032721535678e-01
6.290000000000387281e+00,2.657051670355087825e-01
2.565000000000006253e+01,2.654605561975556527e-01
4.598999999999684007e+01,2.652161705507898315e-01
2.454000000000072390e+01,2.649720098878980967e-01
1.027000000000063906e+01,2.647280740017580181e-01
2.860000000000084697e+01,2.644843626854378460e-01
1.183399999999973602e+02,2.642408757321964008e-01
6.359999999999965681e+00,2.639976129354827394e-01
1.354000000000039705e+01,2.637545740889361556e-01
-3.410000000000254161e+00,2.635117589863858467e-01
1.104000000000092285e+01,2.632691674218508582e-01
7.419999999999831175e+00,2.630267991895399171e-01
-3.559999999999264197e+00,2.627846540838510436e-01
3.646000000000134378e+01,2.625427318993717174e-01
1.695000000000046469e+01,2.623010324308783781e-01
-3.999999999857539734e-02,2.620595554733364807e-01
5.879000000000036152e+01,2.618183008219002184e-01
9.494999999999539853e+01,2.615772682719123554e-01
2.770000000000079510e+01,2.613364576189041166e-01
3.769999999999967599e+00,2.610958686585948541e-01
9.631999999999752049e+01,2.608555011868921025e-01
9.520000000001335394e+00,2.606153549998911911e-01
1.182000000000076767e+01,2.603754298938752432e-01
5.727999999999717318e+01,2.601357256653148431e-01
5.903000000000139380e+01,2.598962421108680365e-01
5.089999999999955449e+00,2.596569790273799971e-01
9.967999999999672411e+01,2.594179362118829713e-01
-1.000000000001619593e-01,2.591791134615960557e-01
1.080799999999965735e+02,2.589405105739249757e-01
2.897000000000210207e+01,2.587021273464620297e-01
1.064499999999975017e+02,2.584639635769858113e-01
1.351000000000047052e+01,2.582260190634611541e-01
6.253999999999689408e+01,2.579882936040387431e-01
1.270999999999994934e+01,2.577507869970552257e-01
7.201999999999966917e+01,2.575134990410328784e-01
1.629000000000037218e+01,2.572764295346793850e-01
6.189999999999892033e+00,2.570395782768878368e-01
4.195000000000220552e+01,2.568029450667363989e-01
-3.240000000000243574e+00,2.565665297034882553e-01
6.799999999999899458e+00,2.563303319865913310e-01
7.400000000000227729e+00,2.560943517156782367e-01
-1.920000000000164242e+00,2.558585886905659912e-01
2.679000000000235104e+01,2.556230427112559656e-01
5.634000000000096975e+01,2.553877135779336061e-01
1.899000000000257771e+01,2.551526010909683784e-01
6.028999999999942361e+01,2.549177050509133791e-01
8.034999999999520526e+01,2.546830252585055021e-01
2.353000000000147551e+01,2.544485615146649393e-01
-1.630000000000199289e+00,2.542143136204952358e-01
4.784999999999485709e+01,2.539802813772830126e-01
5.919999999999740936e+01,2.537464645864978552e-01
4.699999999999772804e+00,2.535128630497920921e-01
2.433000000000024343e+01,2.532794765690006833e-01
4.752999999999452996e+01,2.530463049461409986e-01
4.299999999998389555e-01,2.528133479834126507e-01
8.540000000000716796e+00,2.525806054831973846e-01
7.598999999999779220e+01,2.523480772480588552e-01
8.449999999999819877e+00,2.521157630807424610e-01
3.907000000000171269e+01,2.518836627841752884e-01
-9.649999999999284483e+00,2.516517761614657234e-01
1.711999999999998678e+01,2.514201030159035066e-01
1.719000000000061590e+01,2.511886431509594009e-01
7.984999999999951115e+01,2.509573963702851906e-01
1.025099999999977882e+02,2.507263624777132938e-01
1.014999999999997904e+01,2.504955412772568168e-01
4.175000000000104450e+01,2.502649325731092778e-01
6.050000000000098055e+01,2.500345361696444946e-01
1.986000000000034760e+01,2.498043518714162525e-01
3.489000000000122981e+01,2.495743794831583873e-01
2.980000000000023164e+01,2.493446188097844518e-01
2.066999999999653426e+01,2.491150696563876055e-01
3.973000000000117637e+01,2.488857318282404196e-01
3.083000000000026830e+01,2.486566051307947667e-01
6.046999999999965780e+01,2.484276893696816257e-01
5.340999999999652914e+01,2.481989843507108884e-01
7.189999999999960778e+01,2.479704898798712198e-01
1.759999999999834364e+00,2.477422057633298924e-01
1.125499999999943839e+02,2.475141318074326469e-01
2.392000000000020066e+01,2.472862678187034702e-01
1.630000000000172733e+01,2.470586136038445124e-01
3.987000000000040956e+01,2.468311689697358369e-01
4.651000000000061618e+01,2.466039337234352813e-01
3.274000000000035016e+01,2.463769076721783746e-01
3.152000000000093394e+01,2.461500906233780317e-01
6.382999999999641716e+01,2.459234823846244977e-01
3.074000000000005528e+01,2.456970827636851817e-01
8.130000000002041816e+00,2.454708915685044068e-01
4.419000000000026773e+01,2.452449086072033546e-01
-2.800000000002718092e-01,2.450191336880798154e-01
2.580000000000035243e+01,2.447935666196080773e-01
2.728000000000043457e+01,2.445682072104387317e-01
6.472000000000068098e+01,2.443430552693985625e-01
9.130000000000720206e+00,2.441181106054903516e-01
4.709999999999977760e+00,2.438933730278926570e-01
6.700000000000679634e+00,2.436688423459597852e-01
-1.609999999998154463e+00,2.434445183692214854e-01
1.266000000000069292e+01,2.432204009073828943e-01
6.276000000000078671e+01,2.429964897703243421e-01
1.532999999999993790e+01,2.427727847681011575e-01
1.805000000000071836e+01,2.425492857109435296e-01
2.436000000000029075e+01,2.423259924092563966e-01
5.736000000000020549e+01,2.421029046736191959e-01
1.061999999999998678e+01,2.418800223147857531e-01
6.068999999999976325e+01,2.416573451436841435e-01
2.562000000000011823e+01,2.414348729714164976e-01
3.396000000000125851e+01,2.412126056092588067e-01
4.930000000000930527e+00,2.409905428686608397e-01
2.399999999999870681e+00,2.407686845612459492e-01
6.532999999999839247e+01,2.405470304988109043e-01
7.960999999999702936e+01,2.403255804933257245e-01
3.970000000000109708e+01,2.401043343569335409e-01
4.005000000000086402e+01,2.398832919019504017e-01
1.525000000000085798e+01,2.396624529408651894e-01
2.852000000000148816e+01,2.394418172863393701e-01
5.233000000000014040e+01,2.392213847512068836e-01
1.674000000000015476e+01,2.390011551484740038e-01
1.552000000000075275e+01,2.387811282913191169e-01
1.271000000000009145e+01,2.385613039930926105e-01
3.427000000000013102e+01,2.383416820673167069e-01
1.126999999999983402e+02,2.381222623276852968e-01
4.410000000000005826e+01,2.379030445880638001e-01
2.587000000000181998e+01,2.376840286624889997e-01
2.224000000000195598e+01,2.374652143651688474e-01
7.852999999999856584e+01,2.372466015104823522e-01
-3.040000000000164349e+00,2.370281899129793868e-01
1.386000000000035826e+01,2.368099793873806036e-01
3.460000000000153619e+00,2.365919697485771855e-01
1.739999999999967129e+00,2.363741608116307347e-01
6.081999999999737128e+01,2.361565523917731058e-01
1.045699999999989132e+02,2.359391443044062675e-01
1.140000000000112657e+01,2.357219363651021082e-01
4.709999999999891607e+00,2.355049283896023249e-01
2.609000000000182951e+01,2.352881201938182565e-01
9.950000000000127187e+00,2.350715115938306621e-01
1.680000000000216431e+01,2.348551024058896652e-01
6.048999999999963961e+01,2.346388924464145598e-01
2.671000000000005770e+01,2.344228815319935877e-01
3.790000000000073044e+01,2.342070694793839114e-01
1.622000000000063835e+01,2.339914561055113362e-01
-3.010000000000178311e+00,2.337760412274702271e-01
1.170299999999962353e+02,2.335608246625233420e-01
6.430000000000895000e+00,2.333458062281016654e-01
4.739999999999981561e+00,2.331309857418042419e-01
1.232000000000147999e+01,2.329163630213980374e-01
1.677000000000008129e+01,2.327019378848178000e-01
4.844000000000121275e+01,2.324877101501658938e-01
6.519999999999593854e+01,2.322736796357121047e-01
2.388000000000335632e+01,2.320598461598935569e-01
4.130000000000768168e+00,2.318462095413144908e-01
1.170799999999975398e+02,2.316327695987461799e-01
3.062000000000195143e+01,2.314195261511267088e-01
4.829999999999920135e+00,2.312064790175608620e-01
5.584000000000065711e+01,2.309936280173199574e-01
6.325999999999687873e+01,2.307809729698417078e-01
3.374000000000167176e+01,2.305685136947300262e-01
1.139599999999971942e+02,2.303562500117548872e-01
2.418000000000009564e+01,2.301441817408522439e-01
4.355999999999569638e+01,2.299323087021237777e-01
1.130000000000097948e+01,2.297206307158367877e-01
1.200999999999990386e+01,2.295091476024240240e-01
1.275000000000102673e+01,2.292978591824836043e-01
4.005000000000080718e+01,2.290867652767787366e-01
8.714999999999761826e+01,2.288758657062376911e-01
2.263000000000042178e+01,2.286651602919535509e-01
4.599000000000097543e+01,2.284546488551841281e-01
5.246999999999685826e+01,2.282443312173517702e-01
1.665000000000011582e+01,2.280342072000432485e-01
2.483000000000292573e+01,2.278242766250095641e-01
5.820000000000939089e+00,2.276145393141658368e-01
2.615000000000020464e+01,2.274049950895910832e-01
4.934000000000075659e+01,2.271956437735281886e-01
1.123999999999997179e+01,2.269864851883836299e-01
1.950000000000093436e+01,2.267775191567273918e-01
2.562000000000008271e+01,2.265687455012928009e-01
6.556999999999928264e+01,2.263601640449763863e-01
7.375000000000071054e+01,2.261517746108377136e-01
2.049999999999850608e+00,2.259435770220992457e-01
7.827999999999700265e+01,2.257355711021461764e-01
4.837000000000114142e+01,2.255277566745262918e-01
1.943000000000077776e+01,2.253201335629498592e-01
9.800999999999879719e+01,2.251127015912894047e-01
9.048999999999895749e+01,2.249054605835796028e-01
5.920000000000704254e+00,2.246984103640171093e-01
2.389000000000014978e+01,2.244915507569604785e-01
3.025000000000090949e+01,2.242848815869299128e-01
2.201000000000048118e+01,2.240784026786071803e-01
2.986000000000039023e+01,2.238721138568354474e-01
4.010000000000241016e+01,2.236660149466191405e-01
7.113999999999629154e+01,2.234601057731237517e-01
2.621000000000031704e+01,2.232543861616757830e-01
1.720999999999998309e+01,2.230488559377624969e-01
1.620000000000145945e+01,2.228435149270318605e-01
5.859999999999888409e+00,2.226383629552922960e-01
1.007599999999968219e+02,2.224333998485126251e-01
1.495099999999991383e+02,2.222286254328218746e-01
1.246399999999973716e+02,2.220240395345091378e-01
4.185999999999891941e+01,2.218196419800234076e-01
7.913999999999404622e+01,2.216154325959734939e-01
1.880000000000117311e+01,2.214114112091278008e-01
3.411000000000073129e+01,2.212075776464142163e-01
-5.070000000000175255e+00,2.210039317349199728e-01
1.691000000000040160e+01,2.208004733018914811e-01
1.179999999999992966e+01,2.205972021747341916e-01
8.924999999999899103e+01,2.203941181810124272e-01
6.895000000000047180e+01,2.201912211484492732e-01
3.274000000000012278e+01,2.199885109049264098e-01
3.782000000000127216e+01,2.197859872784840019e-01
1.612000000000009337e+01,2.195836500973204763e-01
5.689000000000039137e+01,2.193814991897924394e-01
-2.370000000000166196e+00,2.191795343844145372e-01
3.577000000000045077e+01,2.189777555098592343e-01
1.182999999999991658e+01,2.187761623949567857e-01
1.179999999999994742e+01,2.185747548686949593e-01
2.260000000000080433e+01,2.183735327602190357e-01
1.380000000000014992e+01,2.181724958988315033e-01
9.991999999999868010e+01,2.179716441139920580e-01
1.804000000000070969e+01,2.177709772353173812e-01
1.127899999999989404e+02,2.175704950925810011e-01
2.018000000000022709e+01,2.173701975157131538e-01
-3.110000000000122888e+00,2.171700843348006726e-01
4.219999999999838103e+00,2.169701553800867655e-01
4.916000000000065029e+01,2.167704104819709598e-01
1.229899999999977496e+02,2.165708494710089360e-01
3.286000000000245791e+01,2.163714721779123051e-01
6.563999999999798263e+01,2.161722784335485814e-01
1.366000000000084214e+01,2.159732680689409323e-01
4.930999999999905725e+01,2.157744409152681508e-01
2.357000000000056161e+01,2.155757968038644057e-01
1.613000000000033651e+01,2.153773355662191302e-01
5.858000000000079410e+01,2.151790570339769393e-01
1.049000000000116017e+01,2.149809610389373793e-01
8.477999999999599368e+01,2.147830474130549006e-01
-1.076000000000038526e+01,2.145853159884386074e-01
7.340000000000713953e+00,2.143877665973522029e-01
1.023000000000099341e+01,2.141903990722138218e-01
6.002000000000055024e+01,2.139932132455958091e-01
8.328999999999416559e+01,2.137962089502247198e-01
6.616999999999944748e+01,2.135993860189810412e-01
5.287000000000102773e+01,2.134027442848991651e-01
8.720999999999536101e+01,2.132062835811671386e-01
2.058000000000231822e+01,2.130100037411266356e-01
1.745000000000015206e+01,2.128139045982727073e-01
5.781000000000079808e+01,2.126179859862537547e-01
7.863999999999637680e+01,2.124222477388712504e-01
1.272499999999979821e+02,2.122266896900797117e-01
5.806000000000094730e+01,2.120313116739865056e-01
3.733000000000021856e+01,2.118361135248517380e-01
7.695999999999956742e+01,2.116410950770880595e-01
5.770000000002315055e+00,2.114462561652606098e-01
2.883000000000026830e+01,2.112515966240867960e-01
2.231000000000069505e+01,2.110571162884362084e-01
7.744999999999808438e+01,2.108628149933304552e-01
1.936000000000047194e+01,2.106686925739430227e-01
2.780000000000028848e+01,2.104747488655991094e-01
5.090000000000097202e+01,2.102809837037755425e-01
2.962000000000017863e+01,2.100873969241006112e-01
3.689999999999809432e+00,2.098939883623539282e-01
5.020000000000680807e+00,2.097007578544662909e-01
1.318699999999978445e+02,2.095077052365195147e-01
-3.370000000000397122e+00,2.093148303447463499e-01
7.570000000000598916e+00,2.091221330155302871e-01
7.048000000000055820e+01,2.089296130854054745e-01
5.459999999999990905e+01,2.087372703910565230e-01
8.209999999999975984e+00,2.085451047693183957e-01
9.616999999999895010e+01,2.083531160571762963e-01
2.100000000000126121e+01,2.081613040917654478e-01
2.809999999999823750e+00,2.079696687103710639e-01
1.830000000000026716e+01,2.077782097504281278e-01
9.332999999999638874e+01,2.075869270495212804e-01
1.112899999999950609e+02,2.073958204453846821e-01
4.139999999999786517e+00,2.072048897759019015e-01
8.039999999999842828e+00,2.070141348791057212e-01
4.273000000000152454e+01,2.068235555931780267e-01
8.573999999999361421e+01,2.066331517564497233e-01
2.942000000000027882e+01,2.064429232074005138e-01
7.419999999999880025e+00,2.062528697846587877e-01
5.259000000000114738e+01,2.060629913270015379e-01
9.712999999999820488e+01,2.058732876733541384e-01
5.536000000000044707e+01,2.056837586627902614e-01
4.046000000000073982e+01,2.054944041345317385e-01
2.521000000000007901e+01,2.053052239279484215e-01
9.420000000000648299e+00,2.051162178825580440e-01
7.181999999999499096e+01,2.049273858380260271e-01
3.329999999999923688e+00,2.047387276341654794e-01
2.080000000000007887e+01,2.045502431109369190e-01
6.795999999999746422e+01,2.043619321084482188e-01
2.799000000000089017e+01,2.041737944669544391e-01
2.558000000000073371e+01,2.039858300268577174e-01
-1.277000000000039215e+01,2.037980386287071011e-01
1.388999999999993129e+01,2.036104201131984648e-01
6.198000000000202192e+01,2.034229743211743158e-01
1.316599999999977513e+02,2.032357010936236552e-01
2.689000000000027413e+01,2.030486002716819227e-01
9.569999999999978968e+00,2.028616716966308020e-01
-2.940000000000297042e+00,2.026749152098980544e-01
1.896000000000089614e+01,2.024883306530574634e-01
3.638000000000198497e+01,2.023019178678286401e-01
9.304999999999304805e+01,2.021156766960769124e-01
1.008199999999961847e+02,2.019296069798132143e-01
4.761000000000147736e+01,2.017437085611938907e-01
1.077799999999980116e+02,2.015579812825206429e-01
5.860000000000692211e+00,2.013724249862402782e-01
-4.360000000000230358e+00,2.011870395149447377e-01
-1.890000000000163993e+00,2.010018247113707912e-01
-1.980000000000337490e+00,2.008167804184000371e-01
1.232999999999994323e+01,2.006319064790587081e-01
2.610000000001761578e+00,2.004472027365175602e-01
9.522999999999481702e+01,2.002626690340917059e-01
1.335999999999991239e+01,2.000783052152405039e-01
3.926000000000190937e+01,1.998941111235674473e-01
1.179999999999989724e+00,1.997100866028199695e-01
4.445000000000030838e+01,1.995262314968894168e-01
1.634000000000084185e+01,1.993425456498107706e-01
2.688000000000105061e+01,1.991590289057626750e-01
6.269999999999923190e+00,1.989756811090671595e-01
1.579999999999736060e+00,1.987925021041896112e-01
1.462000000000006139e+01,1.986094917357385803e-01
3.707000000000224560e+01,1.984266498484656971e-01
8.516000000000009607e+01,1.982439762872655054e-01
3.178000000000089642e+01,1.980614708971753235e-01
1.777000000000013102e+01,1.978791335233751614e-01
3.932000000000122952e+01,1.976969640111875259e-01
6.645000000000192131e+01,1.975149622060773380e-01
1.526999999999996227e+01,1.973331279536517657e-01
-2.670000000000170459e+00,1.971514610996601413e-01
1.164999999999997549e+01,1.969699614899937945e-01
7.059999999999980957e+01,1.967886289706859138e-01
3.427000000000136026e+01,1.966074633879114630e-01
2.639999999999820268e+00,1.964264645879869875e-01
1.039099999999965860e+02,1.962456324173705302e-01
1.123099999999945737e+02,1.960649667226614656e-01
5.322000000000086573e+01,1.958844673506004164e-01
8.900000000000014211e+01,1.957041341480690866e-01
2.251000000000320256e+01,1.955239669620901510e-01
9.239999999999952252e+00,1.953439656398270885e-01
5.158999999999839758e+01,1.951641300285840985e-01
3.777000000000023050e+01,1.949844599758059904e-01
1.809000000000003539e+01,1.948049553290779612e-01
1.550000000000176215e+01,1.946256159361255400e-01
-1.750999999999833534e+01,1.944464416448144495e-01
5.995999999999727947e+01,1.942674323031504668e-01
1.473999999999994692e+01,1.940885877592792852e-01
3.760000000001999965e+00,1.939099078614864302e-01
3.519999999999821938e+00,1.937313924581970381e-01
2.000000000000198241e+01,1.935530413979758557e-01
2.345000000000041851e+01,1.933748545295269905e-01
2.292000000000046356e+01,1.931968317016938552e-01
3.180000000000018190e+01,1.930189727634590291e-01
1.582000000000163276e+01,1.928412775639440913e-01
3.359999999999877751e+00,1.926637459524095375e-01
1.225000000000110667e+01,1.924863777782546415e-01
7.565999999999624492e+01,1.923091728910173159e-01
1.106000000000152639e+01,1.921321311403739740e-01
1.492000000000061632e+01,1.919552523761394458e-01
3.089000000000048374e+01,1.917785364482668120e-01
1.020399999999979315e+02,1.916019832068472650e-01
7.092999999999736360e+01,1.914255925021100535e-01
6.313999999999728630e+01,1.912493641844222603e-01
6.067999999999414484e+01,1.910732981042887746e-01
1.140199999999970544e+02,1.908973941123520424e-01
5.820000000001078533e+00,1.907216520593920661e-01
8.114000000000029900e+01,1.905460717963261830e-01
